id,firstName,lastName,email,gender,contact,country,dob
1,Robinett,Dunphy,rdunphy0@china.com.cn,Female,168-988-7217,Slovenia,9/4/2021
2,Hal,Lotterington,hlotterington1@wikimedia.org,Male,975-106-4899,Czech Republic,8/19/2021
3,Abramo,Cluney,acluney2@huffingtonpost.com,Male,878-484-5133,China,5/31/2022
4,Tybalt,Crawshaw,tcrawshaw3@studiopress.com,Male,357-140-2659,Nigeria,6/1/2022
5,Karlan,Hovenden,khovenden4@fc2.com,Bigender,946-161-2909,Philippines,12/12/2021
6,Tomaso,Sheppey,tsheppey5@aboutads.info,Male,113-240-0814,Russia,8/12/2021
7,Dominica,Welman,dwelman6@bluehost.com,Female,278-552-1476,France,8/7/2021
8,Legra,Bitcheno,lbitcheno7@europa.eu,Female,277-419-0770,Syria,2/15/2022
9,Royce,Duxbarry,rduxbarry8@nhs.uk,Male,553-897-6880,Indonesia,1/26/2022
10,Yolane,Hazell,yhazell9@usnews.com,Female,504-249-9054,France,10/19/2021
11,Panchito,Rodie,prodiea@aboutads.info,Male,545-837-0450,Serbia,4/13/2022
12,Doralynne,Drever,ddreverb@hc360.com,Female,405-580-4207,Brazil,3/6/2022
13,Aundrea,Walles,awallesc@mozilla.com,Female,682-855-1496,Mexico,7/10/2021
14,Zora,Gosney,zgosneyd@acquirethisname.com,Genderqueer,131-284-9002,Russia,11/16/2021
15,Myrah,Hicken,mhickene@jimdo.com,Female,174-584-2182,China,5/12/2022
16,Suzie,Abby,sabbyf@adobe.com,Female,800-743-0310,Poland,3/24/2022
17,Stacee,Flay,sflayg@linkedin.com,Male,633-557-3082,China,5/19/2022
18,Giralda,Meake,gmeakeh@gnu.org,Non-binary,429-942-2235,Colombia,6/1/2022
19,Elayne,Grumble,egrumblei@ehow.com,Female,525-688-5212,China,10/27/2021
20,Shawn,Frankiewicz,sfrankiewiczj@amazonaws.com,Female,125-141-3805,Paraguay,4/30/2022
21,Carr,Belloch,cbellochk@walmart.com,Male,460-211-8810,Indonesia,7/26/2021
22,Blaine,Blackey,bblackeyl@hhs.gov,Male,378-322-9574,Poland,2/5/2022
23,Dew,Copcutt,dcopcuttm@independent.co.uk,Male,431-934-5960,China,11/24/2021
24,Bryce,Pordal,bpordaln@marketwatch.com,Male,403-253-0530,Nigeria,6/21/2022
25,Theodoric,Tiley,ttileyo@so-net.ne.jp,Male,345-740-6501,Greece,9/16/2021
26,Tracy,Furzey,tfurzeyp@phoca.cz,Male,349-103-9831,Peru,8/2/2021
27,Edita,Maginn,emaginnq@census.gov,Female,741-130-6796,Russia,1/24/2022
28,Desdemona,Downe,ddowner@live.com,Polygender,779-160-1477,Croatia,2/20/2022
29,Charmain,Barff,cbarffs@webmd.com,Female,563-776-4641,Philippines,6/25/2022
30,Mitch,Newlands,mnewlandst@ft.com,Male,877-861-5676,Indonesia,4/28/2022
31,Marcella,Szabo,mszabou@nytimes.com,Female,599-836-8745,Czech Republic,12/2/2021
32,Lanie,Bools,lboolsv@istockphoto.com,Female,568-706-3055,Philippines,5/6/2022
33,Griffy,Bealton,gbealtonw@google.cn,Male,396-421-3715,China,4/6/2022
34,Rene,Sleeny,rsleenyx@so-net.ne.jp,Female,374-794-8174,Luxembourg,8/11/2021
35,Aretha,Hankinson,ahankinsony@artisteer.com,Genderqueer,874-889-9581,Brazil,5/21/2022
36,Lissa,Fishbourn,lfishbournz@surveymonkey.com,Female,112-807-8828,France,4/1/2022
37,Sutherlan,Sievewright,ssievewright10@sphinn.com,Male,385-477-7304,Russia,7/11/2021
38,Tommy,Honeywood,thoneywood11@foxnews.com,Female,179-420-7597,Canada,9/30/2021
39,Chadwick,Bramah,cbramah12@who.int,Male,184-678-3885,China,2/11/2022
40,Marris,Bernardez,mbernardez13@oracle.com,Female,991-400-2742,China,9/22/2021
41,Lenna,Pallister,lpallister14@buzzfeed.com,Female,501-153-1148,United States,2/14/2022
42,Arleta,Titmus,atitmus15@archive.org,Female,171-564-0834,Indonesia,11/14/2021
43,Ferrell,Hopkyns,fhopkyns16@pcworld.com,Male,207-938-7181,Indonesia,7/5/2022
44,Vivianne,Jaime,vjaime17@tripod.com,Genderfluid,576-433-4348,Vietnam,2/6/2022
45,Hailee,Cainey,hcainey18@godaddy.com,Genderqueer,272-375-6801,Russia,11/15/2021
46,Vonni,Boots,vboots19@blogspot.com,Genderfluid,698-462-1528,China,8/6/2021
47,Ealasaid,Hove,ehove1a@msn.com,Female,300-173-4610,Denmark,2/23/2022
48,Abe,Hub,ahub1b@trellian.com,Male,970-261-3875,Argentina,12/12/2021
49,Burton,Penkman,bpenkman1c@gov.uk,Male,202-813-7207,United States,12/8/2021
50,Saleem,Hardware,shardware1d@desdev.cn,Male,386-372-2325,Norway,6/29/2022
51,Cull,Lunbech,clunbech1e@cdc.gov,Male,866-579-9055,Argentina,10/4/2021
52,Trumaine,Runcie,truncie1f@youtu.be,Male,984-745-1021,Philippines,8/10/2021
53,Oralia,Oakenfield,ooakenfield1g@ifeng.com,Female,775-967-3648,Chile,7/13/2021
54,Candi,Striker,cstriker1h@spiegel.de,Female,823-231-0013,Serbia,8/1/2021
55,Ronnie,Whodcoat,rwhodcoat1i@webmd.com,Male,412-314-0487,Poland,5/26/2022
56,Lillian,Jentges,ljentges1j@hostgator.com,Female,445-592-1795,Greece,3/1/2022
57,Trina,Blincow,tblincow1k@cloudflare.com,Female,727-492-4566,Kenya,12/25/2021
58,Ermina,Bulfoy,ebulfoy1l@infoseek.co.jp,Female,922-297-4881,Albania,12/10/2021
59,Almeta,Lautie,alautie1m@geocities.com,Female,909-851-5342,Philippines,2/24/2022
60,Byrom,Gilsthorpe,bgilsthorpe1n@auda.org.au,Male,323-524-5050,Peru,2/6/2022
61,Petronille,Mushet,pmushet1o@pcworld.com,Female,273-118-6947,France,4/20/2022
62,Corri,Rajchert,crajchert1p@sitemeter.com,Genderqueer,213-648-5762,Germany,5/13/2022
63,Phylys,Rossbrooke,prossbrooke1q@nba.com,Female,816-476-4920,Peru,11/29/2021
64,Gilberta,Bartaletti,gbartaletti1r@tumblr.com,Female,693-965-4023,Nigeria,10/15/2021
65,Reagen,Domican,rdomican1s@comsenz.com,Male,933-337-9531,Sweden,6/8/2022
66,Berkie,Cobbing,bcobbing1t@sun.com,Male,302-563-8292,Indonesia,6/22/2022
67,Annabel,Heinrici,aheinrici1u@usnews.com,Female,600-617-0387,Argentina,12/7/2021
68,Maybelle,Ehlerding,mehlerding1v@cmu.edu,Female,695-263-6610,China,7/31/2021
69,Murielle,Lacknor,mlacknor1w@imdb.com,Female,808-348-1984,Thailand,5/28/2022
70,Brittany,Syder,bsyder1x@unesco.org,Female,688-716-7575,China,10/18/2021
71,Darcy,Goodman,dgoodman1y@gov.uk,Female,129-926-1963,China,1/9/2022
72,Esteban,Skilbeck,eskilbeck1z@cbc.ca,Male,309-306-4858,United States,8/18/2021
73,Shermy,Tatlock,statlock20@google.com.hk,Male,817-868-7114,Iraq,9/18/2021
74,Nickie,Gayforth,ngayforth21@rediff.com,Male,925-369-4720,Philippines,1/29/2022
75,Ainslie,Breslauer,abreslauer22@studiopress.com,Bigender,107-437-5990,Russia,9/2/2021
76,Nolana,Bengall,nbengall23@4shared.com,Female,762-490-4357,Mexico,8/7/2021
77,Garvy,Rimington,grimington24@buzzfeed.com,Male,689-840-3074,Cuba,12/11/2021
78,Val,Silliman,vsilliman25@posterous.com,Male,881-534-4021,Ukraine,8/7/2021
79,Freeland,Float,ffloat26@addtoany.com,Male,670-293-8436,Portugal,12/27/2021
80,Shalna,Poulden,spoulden27@phoca.cz,Female,111-958-0147,Ireland,9/18/2021
81,Mackenzie,Hebditch,mhebditch28@chronoengine.com,Non-binary,833-825-7322,Peru,5/14/2022
82,Bee,Jurczak,bjurczak29@soup.io,Female,353-241-0652,France,1/12/2022
83,Isak,Vasyutin,ivasyutin2a@hp.com,Male,219-787-8839,Hong Kong,11/2/2021
84,Gregory,Conrath,gconrath2b@slate.com,Male,404-574-1708,Portugal,9/28/2021
85,Kile,Yaus,kyaus2c@amazon.com,Male,776-694-6854,Indonesia,10/26/2021
86,Carlin,Staniland,cstaniland2d@com.com,Male,876-306-2637,Ukraine,9/24/2021
87,Robyn,Brandenberg,rbrandenberg2e@theguardian.com,Female,928-138-7094,China,11/11/2021
88,Brina,Probin,bprobin2f@toplist.cz,Female,693-287-1266,China,7/18/2021
89,Bobbie,Bohin,bbohin2g@adobe.com,Female,564-802-2764,Greece,8/1/2021
90,Jayson,Delafoy,jdelafoy2h@japanpost.jp,Male,420-634-5466,Japan,5/12/2022
91,Lamar,Mille,lmille2i@123-reg.co.uk,Male,319-152-8706,Thailand,11/26/2021
92,Antonetta,Keedwell,akeedwell2j@nifty.com,Female,940-257-5322,China,10/1/2021
93,Yardley,Kiera,ykiera2k@google.ca,Male,867-826-4153,China,9/4/2021
94,Dionysus,Tolcher,dtolcher2l@fotki.com,Male,683-462-1093,Sweden,10/18/2021
95,Justinian,Fermer,jfermer2m@europa.eu,Male,434-809-0234,Greece,6/18/2022
96,Joly,Skala,jskala2n@samsung.com,Female,273-822-4232,Indonesia,12/23/2021
97,Carly,Blaver,cblaver2o@zdnet.com,Female,740-589-2519,British Virgin Islands,10/17/2021
98,Kelly,Blaxeland,kblaxeland2p@spotify.com,Female,942-762-5532,Sweden,3/22/2022
99,Milzie,Buttwell,mbuttwell2q@vk.com,Female,283-778-7599,Indonesia,11/5/2021
100,Pavel,Tatton,ptatton2r@netscape.com,Male,434-799-4992,China,9/25/2021
101,Kate,Connikie,kconnikie2s@ftc.gov,Non-binary,457-139-6249,Canada,5/7/2022
102,Delcina,Nutting,dnutting2t@ustream.tv,Female,423-481-7750,United States,7/20/2021
103,Lief,Dooly,ldooly2u@mozilla.org,Male,574-778-7208,Vietnam,9/5/2021
104,Benedetta,Kamen,bkamen2v@merriam-webster.com,Female,197-995-0945,Kazakhstan,7/27/2021
105,Culver,Westhoff,cwesthoff2w@stanford.edu,Male,160-543-0662,China,4/5/2022
106,Otes,Derham,oderham2x@taobao.com,Male,553-463-1307,Ukraine,6/30/2022
107,Alana,Burris,aburris2y@sohu.com,Female,710-944-8808,China,12/27/2021
108,Ekaterina,Hutfield,ehutfield2z@hexun.com,Female,138-303-5866,Brazil,8/27/2021
109,Wake,Formby,wformby30@delicious.com,Male,155-833-0726,China,9/28/2021
110,Jeffy,Furphy,jfurphy31@youtu.be,Male,630-218-8769,Guatemala,12/16/2021
111,Marji,Seeks,mseeks32@naver.com,Female,707-232-3835,Thailand,5/27/2022
112,Foster,Takkos,ftakkos33@virginia.edu,Male,655-130-1286,Sweden,11/4/2021
113,Gabrielle,Conningham,gconningham34@tumblr.com,Female,524-754-5016,Ecuador,7/5/2022
114,Jaquenetta,Husthwaite,jhusthwaite35@nymag.com,Female,162-970-1578,Philippines,3/28/2022
115,Trudi,Conkling,tconkling36@seattletimes.com,Female,425-152-6042,Philippines,5/7/2022
116,Eolande,Duignan,eduignan37@kickstarter.com,Female,702-382-1710,Colombia,11/21/2021
117,Loralie,Godwin,lgodwin38@telegraph.co.uk,Female,554-377-3376,Indonesia,7/25/2021
118,Flore,Cram,fcram39@alexa.com,Female,806-113-6066,Honduras,6/4/2022
119,Georgy,Montez,gmontez3a@imdb.com,Male,971-388-2029,Philippines,8/11/2021
120,Francis,Castro,fcastro3b@tinyurl.com,Male,563-613-7263,Honduras,8/5/2021
121,Beulah,Woodyeare,bwoodyeare3c@example.com,Female,185-415-9919,Indonesia,9/9/2021
122,Netti,Crudginton,ncrudginton3d@youtu.be,Female,488-555-5220,China,9/2/2021
123,Pammi,Antonowicz,pantonowicz3e@ehow.com,Female,609-234-4846,Lithuania,1/17/2022
124,Price,Lashley,plashley3f@dailymotion.com,Male,659-813-2403,Portugal,9/23/2021
125,Geneva,Kleinhaus,gkleinhaus3g@list-manage.com,Female,926-403-9172,Greece,12/23/2021
126,Jason,Lawey,jlawey3h@pbs.org,Male,170-202-4172,Greece,5/20/2022
127,Ebeneser,Landsborough,elandsborough3i@ehow.com,Male,302-786-3587,Morocco,12/8/2021
128,Wini,Duffield,wduffield3j@admin.ch,Female,531-254-1435,Thailand,4/29/2022
129,Frederica,McElvine,fmcelvine3k@umich.edu,Female,712-559-8439,China,1/30/2022
130,Margalo,Masters,mmasters3l@jugem.jp,Female,180-669-2382,Indonesia,3/5/2022
131,Cordelie,Kleuer,ckleuer3m@webmd.com,Female,313-132-9593,Venezuela,7/4/2022
132,Jodee,Deeny,jdeeny3n@naver.com,Female,971-183-5114,France,3/28/2022
133,Jakie,Osmon,josmon3o@t.co,Male,981-994-6089,China,8/26/2021
134,Pooh,MacSharry,pmacsharry3p@statcounter.com,Male,290-125-5929,Indonesia,9/17/2021
135,Jenn,Mathwen,jmathwen3q@tripod.com,Female,896-955-2207,Portugal,4/16/2022
136,Boigie,Brammar,bbrammar3r@theatlantic.com,Polygender,895-352-5014,China,4/24/2022
137,Shelli,Kohnemann,skohnemann3s@1688.com,Female,248-223-0484,China,6/23/2022
138,Concordia,Godlee,cgodlee3t@epa.gov,Female,329-298-4346,France,10/30/2021
139,Stephi,MacQuist,smacquist3u@linkedin.com,Female,669-982-9439,Sweden,3/1/2022
140,Pennie,Mowson,pmowson3v@hatena.ne.jp,Female,432-354-6079,China,5/30/2022
141,Obie,Dreschler,odreschler3w@google.de,Male,779-110-5449,South Africa,3/2/2022
142,Othilie,Sallarie,osallarie3x@last.fm,Female,416-265-7252,China,1/12/2022
143,Carlota,Stigell,cstigell3y@apple.com,Female,912-124-1142,Georgia,2/22/2022
144,Saba,Magrane,smagrane3z@cpanel.net,Female,502-713-9467,Mexico,12/26/2021
145,Giffer,Victor,gvictor40@cdc.gov,Male,206-902-2181,Thailand,8/10/2021
146,Ian,Senton,isenton41@hibu.com,Male,517-460-6627,Thailand,7/19/2021
147,Thayne,Swanger,tswanger42@google.pl,Male,899-571-0143,Papua New Guinea,12/20/2021
148,Lilith,Shapera,lshapera43@washington.edu,Female,548-200-8525,Malaysia,2/7/2022
149,Dione,Iacovone,diacovone44@amazon.co.jp,Agender,795-698-0023,China,8/14/2021
150,Andy,Hucks,ahucks45@eepurl.com,Male,774-919-1316,France,9/27/2021
151,Briano,Tesseyman,btesseyman46@oaic.gov.au,Polygender,195-797-3129,Poland,3/7/2022
152,Christos,Rosbotham,crosbotham47@51.la,Male,794-669-8857,Nigeria,12/26/2021
153,Carissa,Isaq,cisaq48@symantec.com,Female,409-601-8187,Philippines,7/7/2021
154,Florance,Weepers,fweepers49@paginegialle.it,Agender,491-703-6683,Russia,8/16/2021
155,Evangeline,Blaxter,eblaxter4a@bloglines.com,Female,883-265-2250,Laos,8/8/2021
156,Jeremias,Fedder,jfedder4b@homestead.com,Male,955-983-4684,Indonesia,11/13/2021
157,Florie,Thompkins,fthompkins4c@biglobe.ne.jp,Female,838-418-2012,China,8/10/2021
158,Laurel,Boxill,lboxill4d@1688.com,Female,532-661-3561,China,3/25/2022
159,Halette,Middup,hmiddup4e@oracle.com,Female,937-268-0846,Dominican Republic,5/21/2022
160,Nappy,Muzzini,nmuzzini4f@cdc.gov,Male,584-521-7849,China,7/30/2021
161,Anett,Martynka,amartynka4g@chronoengine.com,Female,123-916-5657,Russia,5/7/2022
162,Des,Hayesman,dhayesman4h@redcross.org,Male,960-409-8184,Argentina,9/22/2021
163,Jennie,Biggs,jbiggs4i@cpanel.net,Female,616-133-5864,United States,12/18/2021
164,Charmane,Bensen,cbensen4j@printfriendly.com,Female,543-931-4735,Indonesia,3/31/2022
165,Eddie,Daouse,edaouse4k@360.cn,Female,847-264-3356,Vietnam,3/4/2022
166,Valera,Giovani,vgiovani4l@friendfeed.com,Female,445-115-4815,Sierra Leone,5/27/2022
167,Ginger,Dell Casa,gdellcasa4m@deliciousdays.com,Male,574-794-5029,Philippines,8/7/2021
168,Elinor,Durrans,edurrans4n@is.gd,Female,408-345-7949,China,7/30/2021
169,Odelia,Dillet,odillet4o@tinyurl.com,Female,728-236-5764,Panama,12/17/2021
170,Krishnah,Nevitt,knevitt4p@go.com,Male,882-395-6133,Poland,4/1/2022
171,Hildegaard,Timpany,htimpany4q@ebay.com,Female,954-739-6208,Zimbabwe,7/21/2021
172,Arman,Dodworth,adodworth4r@pcworld.com,Male,992-446-6340,Tajikistan,11/6/2021
173,Fredia,Robbey,frobbey4s@over-blog.com,Female,840-455-0004,Mexico,12/11/2021
174,Julee,Coutts,jcoutts4t@live.com,Female,460-457-3853,Cuba,12/20/2021
175,Stoddard,Lyburn,slyburn4u@state.tx.us,Female,342-473-7960,China,2/9/2022
176,Tammie,Worledge,tworledge4v@bloglines.com,Female,751-316-1255,Russia,2/19/2022
177,Erhart,Skynner,eskynner4w@vistaprint.com,Male,869-365-8974,China,2/14/2022
178,Suzanne,Aylmer,saylmer4x@mysql.com,Genderqueer,306-502-8531,Indonesia,3/8/2022
179,Worthy,Sword,wsword4y@artisteer.com,Male,920-776-8661,Indonesia,9/15/2021
180,Lanny,Swenson,lswenson4z@ftc.gov,Female,443-822-3993,China,4/7/2022
181,Fernandina,Bolin,fbolin50@digg.com,Female,845-472-5915,Indonesia,10/9/2021
182,Chelsae,Stansbury,cstansbury51@tinypic.com,Female,302-275-9993,Philippines,6/8/2022
183,Nicol,Hairsine,nhairsine52@zimbio.com,Female,322-145-2798,China,6/6/2022
184,Huey,Robison,hrobison53@cloudflare.com,Male,520-343-8457,United States,2/11/2022
185,Mable,Wabe,mwabe54@apache.org,Genderfluid,951-891-8062,Slovenia,5/18/2022
186,Pat,Lidgard,plidgard55@google.com.hk,Male,520-934-2006,Ireland,11/23/2021
187,Trumann,Dolle,tdolle56@irs.gov,Genderqueer,356-729-3732,Indonesia,2/13/2022
188,Nero,Brouncker,nbrouncker57@sciencedirect.com,Male,983-327-3427,East Timor,11/26/2021
189,Niki,Godbold,ngodbold58@msn.com,Male,167-563-9771,China,8/30/2021
190,Dayle,Aleksich,daleksich59@engadget.com,Female,600-943-4447,Guatemala,1/7/2022
191,Briano,Kimbling,bkimbling5a@last.fm,Male,320-462-7249,France,11/25/2021
192,Marge,Linham,mlinham5b@illinois.edu,Female,274-864-7951,Indonesia,11/25/2021
193,Agace,Mandell,amandell5c@go.com,Female,425-374-2578,Indonesia,8/21/2021
194,Dasha,Netti,dnetti5d@howstuffworks.com,Female,821-933-9012,Greece,6/6/2022
195,Cletis,Fidilis,cfidilis5e@symantec.com,Male,955-710-5559,Russia,3/5/2022
196,Noland,Brass,nbrass5f@myspace.com,Male,488-723-9641,Philippines,9/24/2021
197,Mike,Giblett,mgiblett5g@mapquest.com,Male,141-705-9739,China,3/10/2022
198,Gizela,Cooke,gcooke5h@soup.io,Female,546-354-6947,Russia,4/14/2022
199,Lorraine,Hubach,lhubach5i@businessweek.com,Female,381-687-5017,Cuba,1/27/2022
200,Rodolph,Polye,rpolye5j@elegantthemes.com,Male,727-216-9996,Indonesia,7/11/2021
201,Blythe,Ca,bca5k@linkedin.com,Female,781-454-9613,Russia,11/4/2021
202,Sapphira,Fobidge,sfobidge5l@tinypic.com,Polygender,644-692-0620,Malaysia,7/15/2021
203,Johna,Breeder,jbreeder5m@xing.com,Female,640-158-9621,Canada,6/4/2022
204,Wheeler,Rosensaft,wrosensaft5n@sogou.com,Male,305-247-7094,Indonesia,5/27/2022
205,Rayna,Beedom,rbeedom5o@google.com.br,Female,426-468-9480,Sweden,8/12/2021
206,Roz,Smieton,rsmieton5p@dell.com,Female,279-867-9140,China,10/5/2021
207,Vincenz,Tubb,vtubb5q@unicef.org,Male,407-248-9972,United States,6/28/2022
208,Vida,Danilewicz,vdanilewicz5r@mail.ru,Female,102-166-0689,China,10/8/2021
209,Early,Collimore,ecollimore5s@t.co,Male,717-700-9898,Colombia,2/13/2022
210,Coleman,Jaquet,cjaquet5t@statcounter.com,Male,619-966-9829,Japan,10/30/2021
211,Cyril,Matoshin,cmatoshin5u@t.co,Male,627-345-0645,Greece,3/8/2022
212,Stefanie,Minnis,sminnis5v@ask.com,Female,169-220-5996,Iraq,10/25/2021
213,Jilli,Fehners,jfehners5w@ustream.tv,Female,688-560-3636,Mexico,7/2/2022
214,Fabe,Frany,ffrany5x@wix.com,Male,366-430-7698,Portugal,2/5/2022
215,Antonietta,Warhurst,awarhurst5y@usatoday.com,Genderfluid,305-212-6524,Poland,2/1/2022
216,Wilbert,Ewence,wewence5z@squidoo.com,Male,500-367-1629,Philippines,5/17/2022
217,Harmon,Glave,hglave60@who.int,Male,347-200-2419,Colombia,7/6/2021
218,Jan,Schubert,jschubert61@domainmarket.com,Male,908-189-1733,Micronesia,1/25/2022
219,Christan,Kitteringham,ckitteringham62@boston.com,Female,933-751-1589,Armenia,4/6/2022
220,Hardy,Firmager,hfirmager63@github.com,Male,581-400-9764,China,1/8/2022
221,Iggie,Reimers,ireimers64@addtoany.com,Male,107-819-0156,Honduras,2/17/2022
222,Nessa,Phillipps,nphillipps65@digg.com,Female,410-387-3986,Nigeria,9/29/2021
223,Iorgos,Paling,ipaling66@virginia.edu,Male,870-621-7481,Philippines,4/2/2022
224,Dominique,Delepine,ddelepine67@cafepress.com,Female,694-217-3276,Malta,1/30/2022
225,Cleveland,Leversha,cleversha68@scribd.com,Male,878-602-8963,Tanzania,7/22/2021
226,Portia,Pepler,ppepler69@amazon.de,Female,732-366-0708,Colombia,2/27/2022
227,Cosetta,Border,cborder6a@ucla.edu,Female,964-890-8662,China,10/30/2021
228,Edie,Blackler,eblackler6b@salon.com,Female,693-214-2912,Philippines,7/11/2021
229,Gawain,Yedy,gyedy6c@globo.com,Bigender,329-324-9687,China,5/24/2022
230,Giacomo,Nabarro,gnabarro6d@japanpost.jp,Male,858-323-8795,Czech Republic,8/7/2021
231,Kailey,Dowrey,kdowrey6e@bing.com,Female,409-281-4273,Russia,6/23/2022
232,Bailie,Curnucke,bcurnucke6f@comcast.net,Male,560-119-5436,Malawi,12/30/2021
233,Selig,Fawckner,sfawckner6g@slideshare.net,Male,657-426-3076,Russia,4/18/2022
234,Alford,Verrills,averrills6h@newyorker.com,Male,147-712-4192,Brazil,11/21/2021
235,Trina,Merle,tmerle6i@microsoft.com,Female,274-622-2068,Indonesia,9/14/2021
236,Merrill,Lafferty,mlafferty6j@wunderground.com,Male,121-133-0589,China,9/29/2021
237,Silvie,Grancher,sgrancher6k@wikipedia.org,Female,954-550-3749,Poland,4/13/2022
238,Jermaine,Tomaszczyk,jtomaszczyk6l@blinklist.com,Male,156-375-6246,Chile,5/17/2022
239,Stephan,Dmtrovic,sdmtrovic6m@google.co.uk,Male,863-750-6095,Costa Rica,3/4/2022
240,Demetris,Alexis,dalexis6n@goo.gl,Female,399-306-6924,Pakistan,9/18/2021
241,Wiley,Wedmore.,wwedmore6o@booking.com,Bigender,786-776-4141,China,9/12/2021
242,Lorianna,Whife,lwhife6p@un.org,Genderfluid,448-759-9212,Ethiopia,2/10/2022
243,Beatrix,MacVicar,bmacvicar6q@blogger.com,Female,238-656-0484,Czech Republic,9/23/2021
244,Frazer,Seargeant,fseargeant6r@cyberchimps.com,Genderqueer,427-154-5739,Indonesia,8/10/2021
245,Vince,Walworth,vwalworth6s@usgs.gov,Male,829-249-4523,Indonesia,2/9/2022
246,Arron,Kinchington,akinchington6t@de.vu,Male,468-942-7160,Indonesia,4/1/2022
247,Carissa,Glacken,cglacken6u@booking.com,Female,929-545-0785,Czech Republic,6/26/2022
248,Reagan,Copper,rcopper6v@google.cn,Male,116-453-3620,China,11/18/2021
249,Eda,Klain,eklain6w@mediafire.com,Female,169-646-3528,Uruguay,1/23/2022
250,Kissee,Druitt,kdruitt6x@ustream.tv,Female,133-809-1276,Russia,11/29/2021
251,Jarrad,Cosgrove,jcosgrove6y@google.com.hk,Male,562-761-0529,Australia,6/6/2022
252,Cariotta,Lidgertwood,clidgertwood6z@friendfeed.com,Female,626-804-9961,Serbia,10/17/2021
253,Aylmer,Soaper,asoaper70@amazonaws.com,Male,549-624-8707,Croatia,1/27/2022
254,Lorenzo,Cuberley,lcuberley71@answers.com,Male,679-521-3615,Netherlands,3/15/2022
255,Alfonso,Szymanski,aszymanski72@issuu.com,Male,959-591-0180,Niger,4/24/2022
256,Arri,Kimberly,akimberly73@yellowpages.com,Male,664-506-0075,Russia,2/24/2022
257,Wolf,Stockings,wstockings74@ft.com,Male,706-235-9561,Estonia,12/24/2021
258,Bret,Sapena,bsapena75@sfgate.com,Male,605-204-1064,Sweden,5/22/2022
259,Sheree,Springer,sspringer76@marriott.com,Female,737-691-9562,China,5/21/2022
260,Myrtie,Newvill,mnewvill77@mac.com,Female,984-265-7799,Indonesia,11/29/2021
261,Kaela,Sultan,ksultan78@cloudflare.com,Female,971-528-2151,Panama,9/29/2021
262,Alaric,Tilberry,atilberry79@topsy.com,Male,216-691-9636,Philippines,8/21/2021
263,Janine,Fishe,jfishe7a@psu.edu,Polygender,355-447-9843,China,12/29/2021
264,Gretal,Meadus,gmeadus7b@is.gd,Female,785-357-5201,Sweden,10/16/2021
265,Deeyn,Weatherdon,dweatherdon7c@mtv.com,Female,635-387-2358,China,8/30/2021
266,Kilian,Magnay,kmagnay7d@odnoklassniki.ru,Male,920-891-0825,Germany,10/9/2021
267,Georgy,Riddle,griddle7e@cnn.com,Male,149-234-2888,China,6/7/2022
268,Ashly,Furze,afurze7f@buzzfeed.com,Female,609-941-4081,Russia,2/25/2022
269,Kiley,Basnett,kbasnett7g@gnu.org,Polygender,449-155-7736,Indonesia,5/20/2022
270,Malynda,Bruster,mbruster7h@ucsd.edu,Female,222-222-6689,Egypt,2/6/2022
271,Pearla,Shutt,pshutt7i@blogtalkradio.com,Female,747-815-1697,Russia,2/5/2022
272,Antonella,Phelps,aphelps7j@discuz.net,Female,142-266-6673,China,1/13/2022
273,Aharon,Salterne,asalterne7k@storify.com,Male,776-476-3353,Thailand,10/11/2021
274,Shaylynn,MacFayden,smacfayden7l@deviantart.com,Female,649-138-4389,American Samoa,11/20/2021
275,Leisha,Vivien,lvivien7m@ucoz.com,Female,902-546-2616,China,7/3/2022
276,Krystalle,Taffee,ktaffee7n@meetup.com,Female,467-286-9916,Russia,5/10/2022
277,Sheppard,Trimbey,strimbey7o@jiathis.com,Male,169-529-2885,Central African Republic,5/14/2022
278,Temple,Mablestone,tmablestone7p@webnode.com,Male,787-775-8869,Bulgaria,7/30/2021
279,Josey,Rainbird,jrainbird7q@discuz.net,Female,191-376-0113,China,11/16/2021
280,Kelby,Hackforth,khackforth7r@ihg.com,Male,253-345-2395,Indonesia,1/15/2022
281,Neille,Welfair,nwelfair7s@ucoz.com,Non-binary,753-708-1153,Indonesia,10/20/2021
282,Delia,Lohmeyer,dlohmeyer7t@un.org,Female,816-293-3413,Indonesia,5/5/2022
283,Hannie,Nettle,hnettle7u@comcast.net,Female,207-965-1257,Botswana,9/9/2021
284,Towney,Wooffitt,twooffitt7v@earthlink.net,Male,202-745-1605,United States,5/7/2022
285,Humfried,Ivanikov,hivanikov7w@facebook.com,Male,721-303-6064,Sweden,9/8/2021
286,Lorine,Yurin,lyurin7x@virginia.edu,Female,824-388-2477,Russia,6/5/2022
287,Tommy,Baily,tbaily7y@msu.edu,Female,790-932-8138,China,3/25/2022
288,Cynthia,Mahony,cmahony7z@google.de,Female,709-289-0441,Czech Republic,10/29/2021
289,Read,Guiducci,rguiducci80@trellian.com,Male,336-204-5852,Thailand,7/28/2021
290,Olimpia,Belcham,obelcham81@php.net,Female,246-462-3997,Indonesia,5/8/2022
291,Britte,Kells,bkells82@ftc.gov,Female,256-589-9903,Peru,8/25/2021
292,Lizbeth,Cassells,lcassells83@ihg.com,Female,616-920-2013,China,2/14/2022
293,Izak,Cremin,icremin84@histats.com,Male,982-379-2553,Russia,8/6/2021
294,Hollie,Reville,hreville85@webnode.com,Genderqueer,414-700-2234,China,3/18/2022
295,Hiram,Kirsch,hkirsch86@msu.edu,Polygender,335-389-5740,Malaysia,10/6/2021
296,Amye,Wilman,awilman87@engadget.com,Female,991-543-8732,Estonia,7/4/2022
297,Benedetto,Brodeau,bbrodeau88@nhs.uk,Male,807-483-3669,Ethiopia,3/22/2022
298,Dorice,Frederick,dfrederick89@themeforest.net,Female,666-358-1710,Egypt,2/22/2022
299,Nathanial,Downgate,ndowngate8a@dropbox.com,Male,233-643-6902,Ukraine,4/28/2022
300,Corey,Meah,cmeah8b@studiopress.com,Male,155-668-8661,Japan,2/8/2022
301,Benoite,Wartonby,bwartonby8c@amazon.de,Female,417-662-1200,United States,10/11/2021
302,Hilarius,Blackway,hblackway8d@nyu.edu,Male,984-914-9700,Indonesia,7/30/2021
303,Franklin,Sante,fsante8e@tamu.edu,Male,513-486-6059,Philippines,1/11/2022
304,Matilde,Showt,mshowt8f@yale.edu,Female,162-603-3004,Macedonia,7/21/2021
305,Warde,Tarquinio,wtarquinio8g@ftc.gov,Male,686-990-3200,Indonesia,12/10/2021
306,Brad,Beetlestone,bbeetlestone8h@hud.gov,Male,849-759-9145,Peru,2/18/2022
307,Humbert,Aronson,haronson8i@1und1.de,Male,392-731-8938,Indonesia,7/10/2021
308,Flemming,Khoter,fkhoter8j@barnesandnoble.com,Male,655-778-4652,Indonesia,2/24/2022
309,Bronny,Dicken,bdicken8k@bravesites.com,Male,120-946-2939,South Africa,12/2/2021
310,Nikolia,Chiverstone,nchiverstone8l@domainmarket.com,Female,790-530-0515,Portugal,8/6/2021
311,Elmo,Muckart,emuckart8m@marriott.com,Male,652-880-0893,China,4/15/2022
312,Kassandra,Bellison,kbellison8n@epa.gov,Bigender,867-838-3767,Egypt,1/23/2022
313,Val,Abramin,vabramin8o@diigo.com,Male,260-544-6989,Bulgaria,9/20/2021
314,Raynell,Elgar,relgar8p@loc.gov,Female,324-241-7378,Portugal,4/26/2022
315,Rikki,Schimaschke,rschimaschke8q@ca.gov,Male,879-151-8490,Macedonia,12/10/2021
316,Dulce,Mattioli,dmattioli8r@senate.gov,Female,905-848-1851,Russia,9/1/2021
317,Michaelina,Phillis,mphillis8s@stumbleupon.com,Female,681-383-6521,Norway,9/20/2021
318,Megen,Congram,mcongram8t@digg.com,Female,697-431-7281,France,1/5/2022
319,Bonnibelle,Tunstall,btunstall8u@de.vu,Female,414-936-4956,Philippines,3/17/2022
320,Olin,Niemiec,oniemiec8v@google.cn,Male,412-456-9605,China,1/6/2022
321,Gamaliel,Beningfield,gbeningfield8w@zimbio.com,Male,769-181-5441,China,5/4/2022
322,Lucius,Tessington,ltessington8x@blog.com,Male,564-506-8746,Tunisia,10/20/2021
323,Jodee,Jachimak,jjachimak8y@mac.com,Female,470-681-5656,Thailand,12/3/2021
324,Caddric,Batchelour,cbatchelour8z@statcounter.com,Male,751-143-6957,Finland,5/19/2022
325,Bartholomeo,Feldklein,bfeldklein90@twitpic.com,Genderqueer,606-996-9249,Poland,2/23/2022
326,Winna,Mullender,wmullender91@facebook.com,Female,451-894-2394,China,1/2/2022
327,Sascha,Duddy,sduddy92@independent.co.uk,Male,633-934-4031,Pakistan,1/30/2022
328,Randie,Beavon,rbeavon93@fda.gov,Female,170-982-1020,China,12/24/2021
329,Traver,Ulyatt,tulyatt94@cargocollective.com,Male,742-394-5001,Macedonia,4/16/2022
330,Marybeth,Carstairs,mcarstairs95@amazon.co.uk,Female,584-892-7251,Indonesia,8/6/2021
331,Laura,Stoffler,lstoffler96@hugedomains.com,Female,301-799-3086,Sweden,9/8/2021
332,Karry,Gatchel,kgatchel97@paginegialle.it,Female,698-791-8670,Ecuador,10/28/2021
333,Edlin,Suddick,esuddick98@360.cn,Male,572-404-2188,Slovenia,12/30/2021
334,Terrance,Winsome,twinsome99@infoseek.co.jp,Male,121-536-3906,Poland,5/28/2022
335,Cosimo,MacTrustrie,cmactrustrie9a@flickr.com,Male,542-221-2187,Philippines,2/18/2022
336,Ileane,Boggers,iboggers9b@umich.edu,Female,847-711-7579,Sweden,6/2/2022
337,Wilek,Dowdell,wdowdell9c@whitehouse.gov,Bigender,950-768-4194,Czech Republic,9/12/2021
338,Astra,Lowless,alowless9d@wufoo.com,Female,954-167-1782,Ukraine,8/11/2021
339,Tracie,Gason,tgason9e@va.gov,Genderqueer,280-114-4533,Peru,10/18/2021
340,Monique,Antoniewski,mantoniewski9f@indiatimes.com,Female,967-707-8809,Norway,9/2/2021
341,Sybille,Philbrick,sphilbrick9g@sogou.com,Female,790-124-9941,Japan,11/27/2021
342,Babbie,Normanton,bnormanton9h@webmd.com,Female,573-650-8913,Indonesia,11/1/2021
343,Tad,McIlwrath,tmcilwrath9i@weebly.com,Male,512-403-6577,Pakistan,4/8/2022
344,Brockie,Odlin,bodlin9j@123-reg.co.uk,Male,725-423-7665,France,7/6/2021
345,Erica,Giles,egiles9k@bizjournals.com,Female,180-742-9451,Brazil,6/5/2022
346,Darnell,Neal,dneal9l@aol.com,Male,527-225-5200,Indonesia,6/13/2022
347,Karon,Knatt,kknatt9m@reverbnation.com,Female,410-688-1758,Portugal,1/25/2022
348,Elbert,Oakey,eoakey9n@mashable.com,Polygender,956-669-9488,Sweden,1/30/2022
349,Xever,Hudspeth,xhudspeth9o@yahoo.co.jp,Male,127-706-5906,France,8/3/2021
350,Bertha,Gaythorpe,bgaythorpe9p@spiegel.de,Female,725-990-5669,Senegal,8/4/2021
351,Robenia,Sturridge,rsturridge9q@privacy.gov.au,Female,557-117-8636,Brazil,9/16/2021
352,Silvie,Vibert,svibert9r@aboutads.info,Female,638-276-5742,Panama,6/3/2022
353,Byron,Shaughnessy,bshaughnessy9s@theguardian.com,Male,566-327-6274,Russia,12/4/2021
354,Caroljean,Ramel,cramel9t@ifeng.com,Female,615-447-0935,United States,2/25/2022
355,Tabby,Plester,tplester9u@si.edu,Male,835-888-6527,Poland,1/3/2022
356,Rowland,Sigg,rsigg9v@yahoo.com,Male,957-998-2669,Honduras,4/27/2022
357,Bertine,Euler,beuler9w@yelp.com,Female,769-478-4638,Sweden,1/24/2022
358,Richard,Sollett,rsollett9x@noaa.gov,Male,653-723-6275,Haiti,12/19/2021
359,Theodoric,De Benedetti,tdebenedetti9y@weebly.com,Bigender,352-920-8054,Indonesia,8/9/2021
360,Abelard,Lambarton,alambarton9z@jalbum.net,Male,440-887-9637,Russia,6/29/2022
361,Malory,Swindon,mswindona0@unblog.fr,Female,603-321-3165,Canada,9/23/2021
362,Sharl,McAlinion,smcaliniona1@phpbb.com,Female,695-842-2840,Thailand,12/17/2021
363,Kippie,Mounch,kmouncha2@artisteer.com,Male,875-125-5929,Sweden,2/5/2022
364,Briney,Beak,bbeaka3@seesaa.net,Female,439-388-3085,Netherlands,1/20/2022
365,Rafe,Mattocks,rmattocksa4@ning.com,Male,752-921-4734,Belize,7/18/2021
366,Bail,Ort,borta5@histats.com,Male,396-687-4972,China,12/28/2021
367,Jonathon,Wimpey,jwimpeya6@posterous.com,Male,993-599-3263,Sweden,12/27/2021
368,Monique,Bointon,mbointona7@cdc.gov,Female,221-444-0640,China,5/28/2022
369,Cassie,Alvy,calvya8@adobe.com,Male,612-441-5956,United States,4/15/2022
370,Seka,Hardiman,shardimana9@livejournal.com,Female,319-366-1035,Libya,4/17/2022
371,Ferne,Bortoluzzi,fbortoluzziaa@whitehouse.gov,Female,169-403-9594,Vietnam,10/16/2021
372,Bret,Derwin,bderwinab@wsj.com,Male,891-332-8071,Brazil,10/17/2021
373,Lyon,Rodrig,lrodrigac@i2i.jp,Male,706-727-8232,Philippines,3/2/2022
374,Scotty,MacKibbon,smackibbonad@senate.gov,Male,693-563-9178,China,9/2/2021
375,Shaine,Pittle,spittleae@yahoo.co.jp,Female,331-934-3675,China,10/27/2021
376,Lucine,Sarten,lsartenaf@unicef.org,Female,754-195-4582,Syria,9/15/2021
377,Jard,Bubear,jbubearag@reference.com,Male,942-395-8273,Indonesia,6/15/2022
378,Torey,Lillecrop,tlillecropah@senate.gov,Male,502-800-6862,United States,5/5/2022
379,Gwenette,Doey,gdoeyai@shutterfly.com,Female,187-905-7239,Paraguay,8/31/2021
380,Inger,Jeandel,ijeandelaj@ifeng.com,Non-binary,358-112-7980,China,8/10/2021
381,Vicki,Dunham,vdunhamak@ezinearticles.com,Female,283-121-1913,Russia,4/30/2022
382,Mendy,Scorey,mscoreyal@mysql.com,Male,713-398-0894,China,4/24/2022
383,Kayle,Hastler,khastleram@liveinternet.ru,Female,276-707-1780,Colombia,10/19/2021
384,Emmery,Tye,etyean@fotki.com,Male,145-162-8590,Indonesia,1/18/2022
385,Trueman,Gingedale,tgingedaleao@wsj.com,Male,827-735-8442,El Salvador,12/2/2021
386,Kip,Wells,kwellsap@umn.edu,Female,337-875-3568,Portugal,5/26/2022
387,Gnni,Walshaw,gwalshawaq@google.co.uk,Female,973-829-6006,Poland,4/19/2022
388,Conney,Prodrick,cprodrickar@harvard.edu,Male,387-629-5950,Portugal,8/16/2021
389,Sarajane,Kidston,skidstonas@jiathis.com,Genderfluid,197-280-8517,China,2/26/2022
390,Gaby,Harland,gharlandat@globo.com,Male,262-345-8561,Russia,10/22/2021
391,Field,Simonsen,fsimonsenau@miibeian.gov.cn,Male,374-547-2837,Austria,8/4/2021
392,Myrtice,de Clerc,mdeclercav@addthis.com,Female,182-301-2034,Iraq,6/29/2022
393,Wenda,Robison,wrobisonaw@feedburner.com,Female,788-599-4317,Indonesia,8/10/2021
394,Hazel,Ciric,hciricax@theglobeandmail.com,Male,160-166-5271,Indonesia,5/29/2022
395,Ollie,Cashmore,ocashmoreay@china.com.cn,Polygender,274-239-6902,Guatemala,5/19/2022
396,Max,Sam,msamaz@opensource.org,Male,505-623-6662,El Salvador,4/24/2022
397,Sorcha,Stutely,sstutelyb0@economist.com,Female,993-962-8949,China,1/4/2022
398,Jerad,Gretham,jgrethamb1@alexa.com,Male,435-388-8841,Mali,3/18/2022
399,Kenton,Taysbil,ktaysbilb2@printfriendly.com,Male,149-439-0232,Portugal,9/6/2021
400,Guthrie,Schachter,gschachterb3@google.it,Male,830-227-3341,Philippines,6/21/2022
401,Angelle,Barmby,abarmbyb4@pagesperso-orange.fr,Female,439-828-9473,Hungary,9/28/2021
402,Claybourne,Lanchbury,clanchburyb5@webnode.com,Male,485-409-2069,Russia,1/20/2022
403,Suzi,Bartley,sbartleyb6@cornell.edu,Female,902-371-7278,China,1/9/2022
404,Anica,Grimditch,agrimditchb7@issuu.com,Female,230-947-0851,Paraguay,1/23/2022
405,Babara,Rampling,bramplingb8@dropbox.com,Female,254-681-1342,Ghana,2/14/2022
406,Gaylene,Coleridge,gcoleridgeb9@soup.io,Female,788-374-0333,Indonesia,10/27/2021
407,Judith,Droogan,jdrooganba@arizona.edu,Female,582-966-3365,Peru,2/21/2022
408,Worthy,Robichon,wrobichonbb@dell.com,Male,996-592-9018,Peru,2/5/2022
409,Lark,Caswall,lcaswallbc@wikispaces.com,Bigender,476-910-7397,Indonesia,4/27/2022
410,Suki,Holleran,sholleranbd@1und1.de,Bigender,270-286-6611,Brazil,2/28/2022
411,Tallulah,Kalinsky,tkalinskybe@fema.gov,Female,671-348-9083,Portugal,4/1/2022
412,Clint,Rickert,crickertbf@dot.gov,Male,100-382-0797,Canada,9/2/2021
413,Tori,Leatham,tleathambg@tinyurl.com,Female,362-479-6210,Thailand,10/14/2021
414,Erv,Adney,eadneybh@utexas.edu,Male,134-163-5705,China,3/27/2022
415,Norbert,Blinder,nblinderbi@xing.com,Male,962-284-9563,China,3/2/2022
416,Jesse,McIlherran,jmcilherranbj@yale.edu,Genderqueer,375-319-7022,Greece,8/11/2021
417,Annis,Trenbay,atrenbaybk@digg.com,Female,667-716-5831,China,2/7/2022
418,Ernaline,Rothon,erothonbl@washington.edu,Female,175-484-6941,Argentina,9/26/2021
419,Chrissy,Witham,cwithambm@narod.ru,Female,804-657-9523,United States,12/26/2021
420,Gerianna,Pettifer,gpettiferbn@google.co.uk,Female,762-381-0937,Philippines,1/10/2022
421,Tessy,Chapelhow,tchapelhowbo@bravesites.com,Female,876-648-5523,Martinique,10/15/2021
422,Chrissie,Dome,cdomebp@friendfeed.com,Bigender,303-428-8450,Indonesia,12/9/2021
423,Gilly,Bleacher,gbleacherbq@oaic.gov.au,Female,124-731-8415,France,9/9/2021
424,Brad,Salvati,bsalvatibr@com.com,Male,732-287-6159,Philippines,3/10/2022
425,Yetta,Dibben,ydibbenbs@merriam-webster.com,Female,146-437-2377,China,2/24/2022
426,Berk,Cowdroy,bcowdroybt@tiny.cc,Male,356-878-8981,Philippines,12/25/2021
427,Noach,Spedroni,nspedronibu@typepad.com,Male,405-449-5852,Canada,2/6/2022
428,Edd,Spracklin,espracklinbv@issuu.com,Male,352-807-8947,China,4/1/2022
429,Sibyl,Lamprey,slampreybw@tmall.com,Male,714-262-2241,Slovenia,8/15/2021
430,Meade,Hounson,mhounsonbx@ow.ly,Male,765-485-9928,China,11/15/2021
431,Cart,Garroch,cgarrochby@springer.com,Male,955-319-8200,China,4/11/2022
432,Elie,Forkan,eforkanbz@meetup.com,Genderqueer,328-817-7047,Mauritius,1/6/2022
433,Agneta,Trudgeon,atrudgeonc0@weibo.com,Female,703-127-0770,China,11/21/2021
434,Thomasin,New,tnewc1@redcross.org,Female,571-667-7770,Indonesia,4/26/2022
435,Livvyy,Gillibrand,lgillibrandc2@samsung.com,Female,853-289-7150,Russia,7/26/2021
436,Alejandra,Saull,asaullc3@dailymotion.com,Female,246-597-8860,Uruguay,1/14/2022
437,Dino,Videneev,dvideneevc4@pagesperso-orange.fr,Male,940-702-3113,Argentina,5/18/2022
438,Dodi,Rizzello,drizzelloc5@livejournal.com,Female,676-425-9617,Greece,4/30/2022
439,Peter,Malzard,pmalzardc6@myspace.com,Genderfluid,627-280-8842,Indonesia,8/26/2021
440,Alyssa,Simnett,asimnettc7@huffingtonpost.com,Bigender,769-123-0288,France,3/26/2022
441,Darnall,Cream,dcreamc8@toplist.cz,Male,635-586-2308,Russia,4/23/2022
442,Nikolos,Alflat,nalflatc9@1688.com,Genderfluid,725-451-3723,Indonesia,1/23/2022
443,Celina,Morgans,cmorgansca@dot.gov,Female,872-956-9460,Indonesia,5/23/2022
444,Arron,Akenhead,aakenheadcb@oracle.com,Male,131-590-5302,Indonesia,12/4/2021
445,Demetra,Morewood,dmorewoodcc@cpanel.net,Bigender,742-207-7959,China,5/27/2022
446,Harli,Shord,hshordcd@taobao.com,Female,569-149-8181,China,3/11/2022
447,Eleen,Travers,etraversce@friendfeed.com,Female,985-741-8853,Croatia,6/29/2022
448,Alan,Ashford,aashfordcf@fda.gov,Male,902-596-6880,Poland,3/16/2022
449,Brien,Conyer,bconyercg@blogtalkradio.com,Male,298-379-6808,Maldives,1/31/2022
450,Adina,Phelipeaux,aphelipeauxch@intel.com,Female,244-715-7011,Finland,7/14/2021
451,Alexandrina,Cheetam,acheetamci@w3.org,Female,728-182-9816,China,10/8/2021
452,Thadeus,Abson,tabsoncj@github.com,Male,859-189-4741,Nigeria,4/26/2022
453,Verile,Girt,vgirtck@ustream.tv,Female,257-685-2027,Nigeria,9/23/2021
454,Abagael,Abramowitz,aabramowitzcl@google.com.au,Female,972-783-9015,Haiti,11/30/2021
455,Thaxter,Aronoff,taronoffcm@nyu.edu,Male,329-992-0296,Russia,6/8/2022
456,Davey,Terne,dternecn@kickstarter.com,Male,892-723-1605,Jamaica,9/16/2021
457,Alexis,Janouch,ajanouchco@fastcompany.com,Male,944-279-0932,China,6/20/2022
458,Cornell,O'Hengerty,cohengertycp@zdnet.com,Male,613-678-6881,China,8/4/2021
459,Janith,Blanchet,jblanchetcq@moonfruit.com,Female,593-749-6409,Indonesia,9/4/2021
460,Gleda,Langman,glangmancr@barnesandnoble.com,Female,317-877-6060,South Korea,10/10/2021
461,Riobard,Hauxley,rhauxleycs@nps.gov,Male,967-258-4259,Czech Republic,10/12/2021
462,Sallie,Torbeck,storbeckct@tinypic.com,Female,350-915-2040,Eritrea,5/16/2022
463,Caldwell,Murrill,cmurrillcu@technorati.com,Male,942-284-2313,France,5/29/2022
464,Sayres,Snelman,ssnelmancv@i2i.jp,Male,814-502-6098,China,5/4/2022
465,Ellis,Noods,enoodscw@salon.com,Male,336-748-0525,China,7/28/2021
466,Dionysus,Chezelle,dchezellecx@livejournal.com,Male,645-176-0171,Peru,11/2/2021
467,Tonye,Seathwright,tseathwrightcy@squarespace.com,Female,501-473-1890,China,1/5/2022
468,Ulrick,Theis,utheiscz@geocities.com,Male,125-485-6476,China,9/6/2021
469,Clo,Hirschmann,chirschmannd0@craigslist.org,Female,445-754-5252,China,7/17/2021
470,Roana,Chorlton,rchorltond1@wiley.com,Bigender,783-696-6704,Greece,2/21/2022
471,Jemmy,Partrick,jpartrickd2@berkeley.edu,Female,409-444-5109,Russia,7/6/2021
472,Gardy,Jertz,gjertzd3@independent.co.uk,Male,330-977-6628,Malta,8/24/2021
473,Costa,Favelle,cfavelled4@nih.gov,Male,241-126-4896,Russia,10/26/2021
474,Wynn,Gawthorpe,wgawthorped5@examiner.com,Genderfluid,613-135-3478,Peru,7/29/2021
475,Anastasie,Bywaters,abywatersd6@shop-pro.jp,Female,679-412-2153,China,3/5/2022
476,Xaviera,Risborough,xrisboroughd7@naver.com,Female,890-733-6746,France,8/11/2021
477,Bartolemo,Grabban,bgrabband8@icq.com,Male,497-341-4158,Honduras,9/25/2021
478,Pryce,de Keep,pdekeepd9@bbb.org,Male,599-221-1106,Sweden,11/21/2021
479,June,Gumly,jgumlyda@dmoz.org,Female,732-519-1767,China,1/21/2022
480,Shepperd,Crowhurst,scrowhurstdb@jimdo.com,Male,848-481-5682,Kenya,9/7/2021
481,Had,Frankling,hfranklingdc@berkeley.edu,Male,484-623-7566,China,2/12/2022
482,Nate,Tebbet,ntebbetdd@typepad.com,Male,414-603-4355,Philippines,7/1/2022
483,Eloise,Nelson,enelsonde@dailymail.co.uk,Female,576-439-6230,Colombia,4/22/2022
484,Fulvia,Snelling,fsnellingdf@phoca.cz,Female,497-327-6215,China,3/9/2022
485,Hinze,Mendez,hmendezdg@topsy.com,Male,776-955-8678,Brazil,8/14/2021
486,Jessy,Columbell,jcolumbelldh@soup.io,Female,842-745-2983,China,3/2/2022
487,Emmy,Broadist,ebroadistdi@surveymonkey.com,Female,980-670-4358,Brazil,11/6/2021
488,Casi,Bothbie,cbothbiedj@parallels.com,Female,493-954-3124,China,7/24/2021
489,Husain,Winfield,hwinfielddk@msn.com,Male,493-937-1927,Indonesia,8/20/2021
490,Katalin,O'Neill,koneilldl@indiegogo.com,Female,780-281-1182,Russia,1/22/2022
491,Rutter,Trimmell,rtrimmelldm@theguardian.com,Male,812-548-2702,Yemen,4/27/2022
492,Cassy,Plane,cplanedn@nydailynews.com,Genderqueer,472-671-3953,Russia,5/8/2022
493,Emili,Gillmor,egillmordo@booking.com,Female,680-894-1224,China,9/11/2021
494,Jackqueline,Grindlay,jgrindlaydp@imageshack.us,Female,557-146-6869,Peru,1/6/2022
495,Cathrin,Davidovici,cdavidovicidq@home.pl,Female,541-811-0074,Sweden,2/4/2022
496,Cari,Voas,cvoasdr@dot.gov,Female,449-174-4271,Brazil,3/21/2022
497,Lorant,Beadman,lbeadmands@cpanel.net,Male,639-911-6534,Paraguay,10/14/2021
498,Sidonia,Aleso,salesodt@opera.com,Female,501-839-8955,Brazil,12/12/2021
499,Tana,Dootson,tdootsondu@zdnet.com,Female,103-934-4420,Democratic Republic of the Congo,9/16/2021
500,Dory,Spadazzi,dspadazzidv@tmall.com,Genderqueer,887-390-5833,Brazil,4/30/2022
501,Hiram,Tailby,htailbydw@vk.com,Male,921-199-8339,Indonesia,11/30/2021
502,Cherri,Longfellow,clongfellowdx@omniture.com,Female,631-460-6431,Sweden,8/11/2021
503,Joceline,Emmens,jemmensdy@theatlantic.com,Female,159-322-7984,Honduras,6/25/2022
504,Cecilia,Lowmass,clowmassdz@amazonaws.com,Female,809-405-5096,China,9/13/2021
505,Ula,Dollar,udollare0@naver.com,Non-binary,330-942-5143,China,12/31/2021
506,Nelli,Egerton,negertone1@webnode.com,Female,990-346-6146,Argentina,7/4/2022
507,Ward,Satyford,wsatyforde2@google.it,Male,649-896-5025,Croatia,8/28/2021
508,Zorah,Worrell,zworrelle3@163.com,Female,869-333-3627,Indonesia,7/24/2021
509,Zandra,Ellin,zelline4@cdc.gov,Female,294-864-2775,China,5/3/2022
510,Harper,Rake,hrakee5@jiathis.com,Male,593-976-4727,Netherlands,5/24/2022
511,Gabe,Cowburn,gcowburne6@twitter.com,Male,658-768-3943,Philippines,7/13/2021
512,Karine,Lafflina,klafflinae7@typepad.com,Female,949-348-1692,Indonesia,5/4/2022
513,Erich,Kochel,ekochele8@mapy.cz,Male,527-351-3476,Russia,1/26/2022
514,Alix,Goggins,agogginse9@cyberchimps.com,Agender,818-902-6024,Azerbaijan,12/5/2021
515,Anabal,Feedham,afeedhamea@cmu.edu,Female,471-815-9430,Luxembourg,6/17/2022
516,Kendell,Sindell,ksindelleb@foxnews.com,Male,465-701-9088,Estonia,1/21/2022
517,Elsworth,Longfield,elongfieldec@nba.com,Male,873-347-7968,Indonesia,9/10/2021
518,Ashli,Cuming,acuminged@microsoft.com,Female,786-713-1614,Indonesia,3/12/2022
519,Gisele,Sibery,gsiberyee@dagondesign.com,Female,615-432-5443,Syria,12/21/2021
520,Pearle,Macbane,pmacbaneef@sohu.com,Female,526-504-4455,China,1/21/2022
521,Conrado,Picott,cpicotteg@histats.com,Male,203-414-2418,Indonesia,6/13/2022
522,Lissie,Cawdery,lcawderyeh@irs.gov,Female,605-913-3454,China,12/30/2021
523,Betta,Josselson,bjosselsonei@cnbc.com,Female,273-346-8154,Russia,10/17/2021
524,Orland,Braidon,obraidonej@ocn.ne.jp,Male,406-498-9437,Uzbekistan,10/22/2021
525,Lynne,Beddall,lbeddallek@apple.com,Female,955-178-9812,Philippines,3/3/2022
526,Chaddie,Iron,cironel@cam.ac.uk,Male,467-661-9273,Portugal,6/30/2022
527,Jamal,Kruszelnicki,jkruszelnickiem@indiegogo.com,Male,195-709-7308,Uganda,2/25/2022
528,Kain,Treffrey,ktreffreyen@constantcontact.com,Male,318-800-2461,Czech Republic,8/13/2021
529,Cicely,Mepsted,cmepstedeo@bigcartel.com,Female,862-524-6916,Russia,10/7/2021
530,Milly,Darte,mdarteep@time.com,Female,457-868-3221,Indonesia,5/3/2022
531,Chic,Bresson,cbressoneq@bbc.co.uk,Male,855-559-7063,Indonesia,11/27/2021
532,Rodie,Ewing,rewinger@pcworld.com,Female,838-609-9487,Singapore,5/22/2022
533,Milt,Oiseau,moiseaues@wired.com,Non-binary,290-193-0040,Portugal,4/26/2022
534,Hewe,Yitshak,hyitshaket@hc360.com,Bigender,350-904-3778,Cape Verde,9/18/2021
535,Angie,Railton,arailtoneu@accuweather.com,Female,774-287-9325,South Africa,1/4/2022
536,Vladamir,Estrella,vestrellaev@geocities.com,Non-binary,225-164-3106,Indonesia,6/28/2022
537,Zelig,Lockhart,zlockhartew@ning.com,Male,478-992-2913,Philippines,1/26/2022
538,Edward,Nowakowska,enowakowskaex@netscape.com,Male,183-693-1881,China,9/23/2021
539,Gabbie,Yurukhin,gyurukhiney@merriam-webster.com,Male,715-428-3004,Netherlands,5/7/2022
540,Melisa,Drever,mdreverez@cdc.gov,Female,457-985-2738,Armenia,5/29/2022
541,Mel,Fairholme,mfairholmef0@unicef.org,Female,399-583-1359,China,8/7/2021
542,Mommy,Daoust,mdaoustf1@ehow.com,Female,171-424-4018,China,8/16/2021
543,Ty,Waiton,twaitonf2@tinyurl.com,Male,169-704-2786,Finland,7/1/2022
544,Ciro,Loines,cloinesf3@desdev.cn,Male,460-100-2194,Indonesia,6/13/2022
545,Agosto,Phear,aphearf4@google.de,Male,625-560-5585,Mongolia,12/28/2021
546,Cosimo,Salsbury,csalsburyf5@gnu.org,Bigender,396-513-5395,Russia,10/16/2021
547,Yard,Harp,yharpf6@cnbc.com,Male,451-609-0949,China,2/6/2022
548,Bank,Gildersleaves,bgildersleavesf7@umn.edu,Non-binary,427-414-8772,Indonesia,6/6/2022
549,Demeter,Murdy,dmurdyf8@dailymotion.com,Female,278-745-4933,China,4/13/2022
550,Norby,Brocket,nbrocketf9@china.com.cn,Male,344-566-5089,Indonesia,1/22/2022
551,Raphaela,Lambotin,rlambotinfa@macromedia.com,Female,691-525-0804,Indonesia,1/27/2022
552,Cort,Beagrie,cbeagriefb@com.com,Male,569-842-4327,Czech Republic,1/11/2022
553,Sigismundo,Kristof,skristoffc@hubpages.com,Male,449-975-0484,China,1/2/2022
554,Shauna,Odhams,sodhamsfd@hao123.com,Female,662-429-4299,Indonesia,3/20/2022
555,Fabiano,Corwood,fcorwoodfe@archive.org,Male,992-402-0621,Botswana,2/17/2022
556,Margareta,Rosbrough,mrosbroughff@dion.ne.jp,Female,637-235-6913,China,12/7/2021
557,Brock,Lighterness,blighternessfg@intel.com,Male,693-783-8994,Madagascar,1/11/2022
558,Chad,Murrells,cmurrellsfh@chron.com,Male,972-872-8288,Nepal,8/23/2021
559,Arvin,Fidelli,afidellifi@mail.ru,Male,474-186-8161,China,10/23/2021
560,Analise,Liston,alistonfj@domainmarket.com,Female,735-345-6044,Bosnia and Herzegovina,2/28/2022
561,Perceval,Tiller,ptillerfk@google.ru,Male,551-149-3851,Spain,1/27/2022
562,Renaud,Kornyakov,rkornyakovfl@biglobe.ne.jp,Male,150-809-4835,China,1/16/2022
563,Garold,Lalevee,glaleveefm@economist.com,Male,178-434-2412,China,8/20/2021
564,Velvet,Pickersail,vpickersailfn@japanpost.jp,Female,513-475-6064,France,5/26/2022
565,Gerard,Tumilson,gtumilsonfo@xrea.com,Male,232-230-1325,Philippines,6/2/2022
566,Bren,Peteri,bpeterifp@ycombinator.com,Female,386-292-7900,France,12/5/2021
567,Breanne,Fallen,bfallenfq@bloglovin.com,Female,734-663-7045,Republic of the Congo,12/7/2021
568,Julie,Lackner,jlacknerfr@cisco.com,Female,556-291-4410,China,6/3/2022
569,Gerda,Fearn,gfearnfs@google.es,Female,436-695-2990,China,1/7/2022
570,Florie,Glencorse,fglencorseft@icq.com,Female,729-437-9619,China,4/16/2022
571,Effie,Kirkup,ekirkupfu@nytimes.com,Female,863-438-0080,Sweden,6/25/2022
572,Waldo,Antos,wantosfv@nbcnews.com,Male,826-226-5894,China,4/25/2022
573,Reeta,Acklands,racklandsfw@privacy.gov.au,Female,287-671-4907,Poland,5/11/2022
574,Filmer,Blockey,fblockeyfx@studiopress.com,Male,221-765-5233,Indonesia,10/2/2021
575,Nissa,Antuk,nantukfy@theglobeandmail.com,Female,754-453-0938,Uganda,7/29/2021
576,Hynda,Lansberry,hlansberryfz@deliciousdays.com,Female,507-282-1306,Russia,9/29/2021
577,Michal,Woltering,mwolteringg0@cisco.com,Female,338-932-9214,Indonesia,9/11/2021
578,Noll,Fewell,nfewellg1@prweb.com,Male,834-522-4392,Portugal,6/8/2022
579,Elijah,Piddington,epiddingtong2@jalbum.net,Male,236-675-1343,Brazil,2/3/2022
580,Torrin,Ovey,toveyg3@domainmarket.com,Polygender,716-615-2590,Afghanistan,7/14/2021
581,Hyatt,Leddy,hleddyg4@fc2.com,Male,754-422-9164,Macedonia,2/17/2022
582,Daisey,de Aguirre,ddeaguirreg5@ft.com,Female,362-519-7518,China,1/20/2022
583,Rolph,Schachter,rschachterg6@pcworld.com,Male,812-712-8346,China,10/11/2021
584,Lois,Ciotto,lciottog7@europa.eu,Female,421-864-3365,Brazil,10/8/2021
585,Luis,Noar,lnoarg8@ow.ly,Male,804-508-9267,Philippines,2/7/2022
586,Loren,Giraudy,lgiraudyg9@hugedomains.com,Female,853-936-6094,Poland,7/6/2021
587,Rolland,Mc Gee,rmcgeega@sogou.com,Male,833-372-2051,Hungary,3/5/2022
588,Cordelia,Ruzic,cruzicgb@mit.edu,Female,975-268-2680,Peru,3/22/2022
589,Dot,Comellini,dcomellinigc@mozilla.org,Female,776-194-2292,Philippines,1/3/2022
590,Philippe,Tregale,ptregalegd@i2i.jp,Female,231-348-7372,China,11/5/2021
591,Barnie,Sandercock,bsandercockge@a8.net,Male,738-244-7869,Philippines,6/19/2022
592,Teriann,Reckus,treckusgf@tiny.cc,Female,101-170-6520,Albania,2/4/2022
593,Kissie,Oxtarby,koxtarbygg@ed.gov,Female,419-535-9746,Indonesia,3/30/2022
594,Brand,Sykes,bsykesgh@360.cn,Non-binary,983-612-7466,Ukraine,8/31/2021
595,Nina,Boncoeur,nboncoeurgi@taobao.com,Female,643-520-3187,Argentina,7/16/2021
596,Cynthia,Townrow,ctownrowgj@soundcloud.com,Female,443-392-3961,Indonesia,2/14/2022
597,Barbaraanne,Cremin,bcremingk@sciencedaily.com,Female,843-722-6873,China,3/3/2022
598,Max,Kluger,mklugergl@telegraph.co.uk,Male,999-856-6445,China,11/8/2021
599,Heida,Moloney,hmoloneygm@gov.uk,Female,797-550-2442,Cambodia,5/4/2022
600,Cassi,Whitta,cwhittagn@dot.gov,Female,935-987-4704,Brazil,10/30/2021
601,Gram,McShane,gmcshanego@infoseek.co.jp,Male,623-816-6040,Czech Republic,2/25/2022
602,Merle,Caras,mcarasgp@nyu.edu,Agender,945-351-7416,China,4/29/2022
603,Wilma,Ainsworth,wainsworthgq@hugedomains.com,Female,797-117-4405,Brazil,4/12/2022
604,Christy,Bryden,cbrydengr@4shared.com,Male,976-924-7290,Indonesia,10/5/2021
605,Salomi,MacFadin,smacfadings@nature.com,Female,474-764-5977,Thailand,5/27/2022
606,Rebekkah,Fassmann,rfassmanngt@e-recht24.de,Female,915-766-8088,United States,6/30/2022
607,Rozelle,Bauduin,rbauduingu@disqus.com,Female,760-922-6082,Russia,8/25/2021
608,Jenica,Lutty,jluttygv@people.com.cn,Female,596-822-1435,China,4/24/2022
609,Traver,Boch,tbochgw@posterous.com,Male,245-546-3971,China,1/23/2022
610,Kyla,Georgeon,kgeorgeongx@answers.com,Female,861-959-8562,China,12/13/2021
611,Adriena,Edgar,aedgargy@multiply.com,Female,495-124-7306,Ethiopia,7/24/2021
612,Myron,Drance,mdrancegz@howstuffworks.com,Male,386-203-1344,Indonesia,7/8/2021
613,Harry,McCaughren,hmccaughrenh0@google.com.hk,Male,905-862-0994,China,2/10/2022
614,Chryste,Stott,cstotth1@xrea.com,Female,619-772-3823,Jamaica,8/21/2021
615,Darren,Elwin,delwinh2@shop-pro.jp,Male,375-945-2265,China,5/27/2022
616,Cesare,Hambleton,chambletonh3@biglobe.ne.jp,Male,424-914-2077,China,12/26/2021
617,Raffarty,McAughtry,rmcaughtryh4@indiatimes.com,Male,718-662-7730,China,3/7/2022
618,Doralyn,Aysik,daysikh5@mit.edu,Female,655-223-9873,Sweden,12/3/2021
619,Bertine,Ginnaly,bginnalyh6@networkadvertising.org,Female,793-240-6676,Argentina,11/30/2021
620,Dorthy,Comelli,dcomellih7@oaic.gov.au,Female,384-472-4059,Poland,2/27/2022
621,Penn,Lumpkin,plumpkinh8@sogou.com,Male,689-664-2651,Indonesia,12/8/2021
622,Elke,Maasz,emaaszh9@google.ru,Female,516-293-4451,China,2/28/2022
623,Charlene,Stirzaker,cstirzakerha@dmoz.org,Female,419-836-9667,United States,3/13/2022
624,Emelita,Kimmince,ekimmincehb@theguardian.com,Female,549-196-2136,Canada,9/16/2021
625,Benji,Waymont,bwaymonthc@usatoday.com,Male,992-487-3510,Ghana,3/23/2022
626,Terrell,Dullard,tdullardhd@reuters.com,Male,770-236-0825,United States,12/20/2021
627,Georas,Sidwick,gsidwickhe@merriam-webster.com,Male,250-236-4405,Russia,2/2/2022
628,Taber,Roocroft,troocrofthf@t.co,Polygender,583-166-1669,Armenia,4/30/2022
629,Pepito,Campanelli,pcampanellihg@businessweek.com,Male,443-796-2037,China,2/11/2022
630,Saudra,Brixey,sbrixeyhh@google.pl,Female,786-147-6739,Peru,4/2/2022
631,Harcourt,Duncombe,hduncombehi@state.tx.us,Male,760-504-2068,Portugal,11/14/2021
632,Shara,Denes,sdeneshj@hubpages.com,Female,916-698-1358,Indonesia,4/11/2022
633,Edwin,Straine,estrainehk@nasa.gov,Male,880-125-8435,Austria,9/14/2021
634,Jaquelin,Kermon,jkermonhl@time.com,Female,156-160-7609,Poland,10/29/2021
635,Bearnard,Dommersen,bdommersenhm@sfgate.com,Male,734-292-9205,Ecuador,11/2/2021
636,Jobi,Tellenbrook,jtellenbrookhn@nymag.com,Female,636-495-4450,United States,8/29/2021
637,Web,Simonazzi,wsimonazziho@buzzfeed.com,Male,172-618-2114,Philippines,11/6/2021
638,Reina,Rizzelli,rrizzellihp@smugmug.com,Female,567-301-7154,Japan,5/6/2022
639,Donia,Josowitz,djosowitzhq@slideshare.net,Genderqueer,136-358-2691,China,8/11/2021
640,Jonell,Steele,jsteelehr@usa.gov,Female,550-272-5185,Paraguay,11/9/2021
641,Charis,Stiff,cstiffhs@state.gov,Genderqueer,929-436-1692,Indonesia,2/14/2022
642,Sue,Tomczykowski,stomczykowskiht@yelp.com,Female,825-737-1870,China,8/22/2021
643,Harrie,Deverose,hdeverosehu@surveymonkey.com,Female,729-751-1520,Philippines,5/15/2022
644,Moishe,Pavia,mpaviahv@wix.com,Male,807-123-7283,Greece,1/27/2022
645,Walton,Basnett,wbasnetthw@themeforest.net,Male,486-724-3238,Philippines,6/23/2022
646,Augusto,Kleinzweig,akleinzweighx@feedburner.com,Male,144-117-1470,China,6/10/2022
647,Rufus,Velten,rveltenhy@symantec.com,Male,661-582-1945,China,11/4/2021
648,Marline,Antrum,mantrumhz@sfgate.com,Female,999-847-5990,Japan,9/12/2021
649,Buiron,Megarrell,bmegarrelli0@shareasale.com,Male,942-489-1784,Peru,1/27/2022
650,Kathlin,Yokley,kyokleyi1@vistaprint.com,Female,395-753-3857,Russia,8/1/2021
651,Branden,Knevett,bknevetti2@cyberchimps.com,Male,957-379-7657,Indonesia,11/8/2021
652,Edmon,Chesterfield,echesterfieldi3@flickr.com,Male,693-449-9365,China,1/12/2022
653,Torrey,Wurst,twursti4@example.com,Male,431-294-1423,China,6/19/2022
654,Arleta,Dugall,adugalli5@qq.com,Non-binary,224-851-5340,Tunisia,9/26/2021
655,Aldus,Rogerson,arogersoni6@cisco.com,Male,329-921-1402,Uganda,2/18/2022
656,Woodman,Deely,wdeelyi7@360.cn,Male,343-699-2354,Belarus,9/24/2021
657,Mirella,Gabbitus,mgabbitusi8@narod.ru,Female,889-912-3628,Indonesia,3/12/2022
658,Townsend,Cammidge,tcammidgei9@vinaora.com,Male,632-392-7571,Argentina,6/16/2022
659,Aldwin,Kieran,akierania@vimeo.com,Male,895-305-1410,Brazil,9/11/2021
660,Devi,Beat,dbeatib@aboutads.info,Female,707-354-6120,Indonesia,10/31/2021
661,Cybill,Dimanche,cdimancheic@google.com,Female,900-651-9211,China,5/15/2022
662,Eugenio,Lipmann,elipmannid@hibu.com,Male,829-494-5574,Poland,9/21/2021
663,Gilemette,Caffery,gcafferyie@icq.com,Female,845-567-6063,Argentina,3/1/2022
664,Hamil,Barden,hbardenif@dmoz.org,Male,199-249-1166,Poland,2/25/2022
665,Reyna,Tadman,rtadmanig@360.cn,Female,887-152-2286,Colombia,9/16/2021
666,Reeva,Halshaw,rhalshawih@e-recht24.de,Female,615-989-5193,United States,2/3/2022
667,Geri,Saice,gsaiceii@blogs.com,Female,824-685-1454,Indonesia,8/30/2021
668,Lilah,Emig,lemigij@technorati.com,Female,259-828-5603,Madagascar,4/3/2022
669,Ayn,Matyushkin,amatyushkinik@pcworld.com,Female,472-726-1554,Philippines,6/7/2022
670,Webster,Petti,wpettiil@weibo.com,Male,987-877-6569,Indonesia,11/25/2021
671,Sabra,Colson,scolsonim@baidu.com,Female,941-101-0410,Ukraine,4/19/2022
672,Hillie,Stayt,hstaytin@goo.ne.jp,Male,672-417-7831,Philippines,4/16/2022
673,Matti,Blaxill,mblaxillio@4shared.com,Non-binary,785-326-3801,United States,2/27/2022
674,Lissa,Glowacki,lglowackiip@blogger.com,Female,811-138-5023,Azerbaijan,6/23/2022
675,Abdel,Brimley,abrimleyiq@furl.net,Male,316-390-8609,France,1/12/2022
676,Margo,Brobak,mbrobakir@nbcnews.com,Female,665-752-6726,Serbia,5/23/2022
677,Hakeem,Trippitt,htrippittis@list-manage.com,Male,392-240-5672,China,1/21/2022
678,Darin,Mannock,dmannockit@dmoz.org,Male,927-205-4468,China,4/11/2022
679,Clayborn,Daintrey,cdaintreyiu@arstechnica.com,Male,431-310-4586,China,8/8/2021
680,Joycelin,Brookson,jbrooksoniv@woothemes.com,Female,732-214-4942,Sweden,12/7/2021
681,Katha,Pickworth,kpickworthiw@wired.com,Female,413-282-7478,Kenya,4/15/2022
682,Halley,Spittal,hspittalix@walmart.com,Female,210-285-4608,Venezuela,3/25/2022
683,Elianora,Ratnege,eratnegeiy@cisco.com,Female,651-177-4848,Syria,12/12/2021
684,Gus,Ratchford,gratchfordiz@multiply.com,Male,351-566-4053,China,3/21/2022
685,Temple,Vanyatin,tvanyatinj0@reverbnation.com,Male,638-652-2311,Thailand,8/15/2021
686,Sashenka,Colcutt,scolcuttj1@hhs.gov,Female,233-234-2817,France,5/31/2022
687,Francis,Renoden,frenodenj2@cam.ac.uk,Male,239-147-2365,Portugal,7/24/2021
688,Efren,Grayham,egrayhamj3@networksolutions.com,Non-binary,621-928-9302,Suriname,10/10/2021
689,Barnabas,Claydon,bclaydonj4@dell.com,Male,818-638-3099,Nigeria,9/24/2021
690,Owen,Noblett,onoblettj5@bbb.org,Male,220-416-2184,Colombia,3/21/2022
691,Adriane,Pargent,apargentj6@timesonline.co.uk,Female,989-343-8774,Tanzania,10/2/2021
692,Boony,Gretton,bgrettonj7@answers.com,Male,755-265-6420,Israel,11/8/2021
693,Gerald,Martonfi,gmartonfij8@wunderground.com,Male,878-595-0080,Afghanistan,1/19/2022
694,Reggy,Worledge,rworledgej9@thetimes.co.uk,Male,763-139-1355,China,5/8/2022
695,Danny,Palluschek,dpalluschekja@123-reg.co.uk,Male,243-958-2679,China,7/19/2021
696,Lucienne,Seamer,lseamerjb@live.com,Female,849-903-1417,China,2/3/2022
697,Loraine,Tidball,ltidballjc@51.la,Female,732-761-4175,Sweden,4/29/2022
698,Lambert,MacArdle,lmacardlejd@gov.uk,Male,495-229-8746,China,3/18/2022
699,Martyn,Leythley,mleythleyje@seattletimes.com,Male,538-436-3794,China,9/29/2021
700,Gabi,Pawlata,gpawlatajf@prweb.com,Male,880-886-7669,Cameroon,6/26/2022
701,Deirdre,Goodban,dgoodbanjg@ft.com,Female,975-402-7003,China,1/18/2022
702,Alice,McCormack,amccormackjh@va.gov,Female,758-358-9664,Portugal,6/16/2022
703,Bowie,Bellefonte,bbellefonteji@amazon.co.jp,Male,803-835-8528,China,6/11/2022
704,Harmon,Rocca,hroccajj@eventbrite.com,Polygender,900-215-7884,China,11/25/2021
705,Lorin,Grote,lgrotejk@ucsd.edu,Male,717-504-7728,China,8/19/2021
706,Norrie,Brassill,nbrassilljl@hud.gov,Male,500-369-2974,China,2/11/2022
707,Cherilynn,Gabala,cgabalajm@ifeng.com,Female,811-830-1661,Tunisia,8/14/2021
708,Tucker,Tomkiss,ttomkissjn@zdnet.com,Male,361-679-2253,Brazil,6/15/2022
709,Sergio,Taffrey,staffreyjo@tinyurl.com,Male,117-122-9585,Indonesia,9/24/2021
710,Andrej,Hukins,ahukinsjp@pbs.org,Male,553-510-8165,Peru,9/2/2021
711,Regen,Habershon,rhabershonjq@issuu.com,Male,425-911-3913,Indonesia,3/19/2022
712,Dickie,Hunnam,dhunnamjr@state.gov,Male,133-685-5030,Peru,7/17/2021
713,Arleen,Scapelhorn,ascapelhornjs@prnewswire.com,Bigender,943-396-0481,Hungary,12/2/2021
714,Ayn,Baike,abaikejt@joomla.org,Female,714-908-4111,United States,12/28/2021
715,Lowrance,Marsden,lmarsdenju@admin.ch,Male,828-679-3656,Indonesia,1/4/2022
716,Cletis,Devlin,cdevlinjv@berkeley.edu,Male,158-653-2389,Poland,2/28/2022
717,Silvie,Strewther,sstrewtherjw@newyorker.com,Female,767-616-8709,China,7/8/2021
718,Lezlie,Cardenoso,lcardenosojx@princeton.edu,Female,700-583-5549,Luxembourg,1/22/2022
719,Aube,Sanchis,asanchisjy@hao123.com,Male,923-502-4637,Nepal,9/5/2021
720,Dud,Grime,dgrimejz@jugem.jp,Male,817-494-2022,United States,8/4/2021
721,Freddy,Northgraves,fnorthgravesk0@samsung.com,Male,822-943-7440,China,3/31/2022
722,Bronson,Kenna,bkennak1@yahoo.co.jp,Male,376-756-2457,Indonesia,7/20/2021
723,Larina,Ilchenko,lilchenkok2@dyndns.org,Female,812-204-6018,France,5/25/2022
724,Domeniga,St Louis,dstlouisk3@php.net,Genderqueer,766-662-7101,Brazil,5/31/2022
725,Euell,McWaters,emcwatersk4@123-reg.co.uk,Male,404-689-0249,China,1/22/2022
726,Lombard,Abramovic,labramovick5@ebay.com,Male,540-945-4350,Poland,7/7/2021
727,Bernadine,Quibell,bquibellk6@cornell.edu,Female,795-352-1653,Cyprus,3/27/2022
728,Petronella,Leyban,pleybank7@washingtonpost.com,Female,465-617-5662,China,10/21/2021
729,Ivonne,Chippindall,ichippindallk8@shutterfly.com,Female,881-390-5190,China,9/22/2021
730,Lula,Aronoff,laronoffk9@smugmug.com,Female,910-451-3852,France,1/28/2022
731,Rennie,Galvin,rgalvinka@freewebs.com,Female,473-553-9844,Sweden,4/27/2022
732,Waldo,Launchbury,wlaunchburykb@dailymotion.com,Male,687-197-2452,Iran,4/10/2022
733,Dari,Gething,dgethingkc@java.com,Female,881-848-5909,Sweden,11/26/2021
734,Berky,McCorkell,bmccorkellkd@goo.ne.jp,Male,545-124-6268,Guatemala,5/30/2022
735,Anatola,Shilston,ashilstonke@facebook.com,Female,268-949-4798,Philippines,7/11/2021
736,Byrann,Endean,bendeankf@theglobeandmail.com,Male,165-642-7160,Poland,1/25/2022
737,Mariel,Curthoys,mcurthoyskg@springer.com,Female,264-472-1893,Russia,1/12/2022
738,Lezley,Murrells,lmurrellskh@themeforest.net,Male,725-718-9429,Bosnia and Herzegovina,3/26/2022
739,Charity,Brayshaw,cbrayshawki@blogspot.com,Female,626-797-2725,Philippines,10/25/2021
740,Hammad,St. Pierre,hstpierrekj@ca.gov,Male,969-624-1464,China,11/8/2021
741,Ame,Nesbeth,anesbethkk@prweb.com,Female,916-418-1854,Philippines,7/18/2021
742,Cristi,Dallas,cdallaskl@canalblog.com,Female,758-126-6477,Colombia,7/13/2021
743,Abdel,Ambresin,aambresinkm@list-manage.com,Male,675-859-1603,Philippines,10/17/2021
744,Allyn,Ladyman,aladymankn@cdc.gov,Female,288-179-1651,Ukraine,3/12/2022
745,Thatch,Philot,tphilotko@addtoany.com,Male,189-944-9694,China,5/1/2022
746,Judi,Manby,jmanbykp@acquirethisname.com,Female,504-976-8483,Belarus,7/11/2021
747,Agata,Voden,avodenkq@livejournal.com,Female,590-160-0887,Russia,9/29/2021
748,Amery,Crace,acracekr@t-online.de,Male,598-223-6468,Bolivia,11/4/2021
749,Jerald,Ducker,jduckerks@newyorker.com,Male,431-901-1135,Russia,7/21/2021
750,Bliss,Cauldwell,bcauldwellkt@posterous.com,Female,964-230-0072,Russia,5/21/2022
751,Tarrance,Breckwell,tbreckwellku@fotki.com,Male,851-712-0830,Portugal,6/23/2022
752,Haydon,Janaway,hjanawaykv@answers.com,Male,724-107-0047,Russia,8/3/2021
753,Wilfred,Alonso,walonsokw@princeton.edu,Male,706-295-0730,China,11/29/2021
754,Lishe,Mattingly,lmattinglykx@comcast.net,Female,100-311-7902,Sweden,1/24/2022
755,Inigo,Sheilds,isheildsky@yale.edu,Male,263-395-4168,Switzerland,6/27/2022
756,Elston,Whyffen,ewhyffenkz@yale.edu,Non-binary,772-576-3780,Micronesia,8/22/2021
757,Camille,Muckart,cmuckartl0@buzzfeed.com,Female,869-545-8581,Poland,7/17/2021
758,Armando,Goulter,agoulterl1@pen.io,Male,912-128-1528,China,12/21/2021
759,Dolli,Gilstin,dgilstinl2@go.com,Female,775-396-7855,Indonesia,6/30/2022
760,Giustino,Panniers,gpanniersl3@de.vu,Male,725-800-1782,Uganda,4/8/2022
761,Angel,Simonite,asimonitel4@archive.org,Female,715-877-6002,Syria,10/16/2021
762,Hershel,Lilleycrop,hlilleycropl5@blog.com,Male,480-315-9584,Portugal,5/9/2022
763,Sherie,Antoniades,santoniadesl6@sogou.com,Female,712-389-7669,Nigeria,2/15/2022
764,Desdemona,Moisey,dmoiseyl7@cocolog-nifty.com,Female,715-108-4364,Philippines,1/31/2022
765,Hughie,Preskett,hpreskettl8@about.com,Male,321-869-4600,Afghanistan,1/22/2022
766,Monah,Geary,mgearyl9@china.com.cn,Female,500-832-8162,Indonesia,11/8/2021
767,Tiphani,Picton,tpictonla@arizona.edu,Female,543-941-4271,China,11/22/2021
768,Lulita,Misson,lmissonlb@xrea.com,Female,311-778-0217,Indonesia,8/20/2021
769,Inger,Birkinshaw,ibirkinshawlc@miibeian.gov.cn,Female,220-861-5911,China,11/16/2021
770,Erin,Knotte,eknotteld@zimbio.com,Female,529-734-2633,Portugal,10/19/2021
771,Lanny,Ludwell,lludwellle@gmpg.org,Male,774-425-4225,Poland,5/8/2022
772,Wheeler,Lammerding,wlammerdinglf@behance.net,Non-binary,940-724-6822,Poland,3/6/2022
773,Leila,Charlton,lcharltonlg@wikispaces.com,Female,100-667-4795,China,1/3/2022
774,Muffin,Benford,mbenfordlh@google.cn,Female,788-779-4866,Sweden,11/15/2021
775,Adamo,Feast,afeastli@goodreads.com,Male,879-947-1467,Honduras,12/29/2021
776,Carole,Rodwell,crodwelllj@wix.com,Female,596-558-7706,Tajikistan,6/3/2022
777,Imelda,Tarzey,itarzeylk@nyu.edu,Bigender,586-314-6614,Afghanistan,2/9/2022
778,Caril,Feldberg,cfeldbergll@ocn.ne.jp,Female,102-953-9548,Poland,12/31/2021
779,Marysa,Trouel,mtrouellm@pbs.org,Female,178-833-0388,China,11/9/2021
780,Delphinia,Canario,dcanarioln@google.com.au,Female,428-998-9899,China,11/3/2021
781,Rosanne,Riseborough,rriseboroughlo@addtoany.com,Female,145-358-7751,China,7/11/2021
782,Larry,Binning,lbinninglp@soundcloud.com,Male,909-538-3738,Russia,12/27/2021
783,James,Smaling,jsmalinglq@newyorker.com,Male,288-133-8106,Russia,7/24/2021
784,Bonnibelle,Luxon,bluxonlr@sakura.ne.jp,Female,328-245-3452,Indonesia,5/29/2022
785,Rosana,Billham,rbillhamls@t.co,Female,375-110-8958,Canada,2/8/2022
786,Adara,Rubinfajn,arubinfajnlt@bloomberg.com,Female,767-985-7444,Syria,11/14/2021
787,Israel,Letessier,iletessierlu@who.int,Male,140-706-9281,China,4/21/2022
788,Candie,Reddy,creddylv@yahoo.co.jp,Female,856-104-4446,Sweden,1/18/2022
789,Beitris,Bench,bbenchlw@fda.gov,Female,410-614-0420,Tunisia,5/24/2022
790,Zarla,Weond,zweondlx@si.edu,Genderqueer,214-553-1327,France,10/9/2021
791,Clarey,Fidler,cfidlerly@github.com,Female,631-368-5067,China,3/29/2022
792,Raffaello,Barks,rbarkslz@ca.gov,Male,654-482-7868,Mongolia,4/12/2022
793,Siward,Roxbee,sroxbeem0@biglobe.ne.jp,Male,880-992-9750,Portugal,11/13/2021
794,Cornell,Capnerhurst,ccapnerhurstm1@sun.com,Male,808-650-9149,United States,12/19/2021
795,Micky,Matschoss,mmatschossm2@is.gd,Female,737-620-5902,Portugal,6/24/2022
796,Ellsworth,Da Costa,edacostam3@state.gov,Male,338-732-3089,China,1/26/2022
797,Hyacintha,Skilton,hskiltonm4@altervista.org,Female,335-648-1826,Portugal,8/6/2021
798,Munroe,Charteris,mcharterism5@foxnews.com,Male,978-904-0377,Lesotho,6/8/2022
799,Rowland,Yukhnevich,ryukhnevichm6@blog.com,Male,914-206-3955,Philippines,2/12/2022
800,Starlene,Blaney,sblaneym7@topsy.com,Female,380-833-1355,Japan,6/29/2022
801,Kathryn,Pighills,kpighillsm8@google.cn,Female,157-589-2428,France,1/10/2022
802,Rudolfo,Tindall,rtindallm9@fastcompany.com,Male,978-692-6341,Serbia,12/9/2021
803,Adolph,Monshall,amonshallma@apache.org,Male,221-735-9282,Moldova,3/4/2022
804,Terrance,Ceschini,tceschinimb@taobao.com,Male,355-233-7592,Indonesia,5/8/2022
805,Junie,Gusney,jgusneymc@prweb.com,Female,713-890-5441,China,6/25/2022
806,Murielle,Wyrall,mwyrallmd@vinaora.com,Female,976-418-3321,Kazakhstan,11/30/2021
807,Freddi,Collet,fcolletme@intel.com,Female,979-521-9132,Montenegro,7/18/2021
808,Corney,Le Port,cleportmf@free.fr,Male,924-891-6081,Russia,1/12/2022
809,Ron,Hirtz,rhirtzmg@google.nl,Male,136-730-7528,Indonesia,8/25/2021
810,Wayne,Batie,wbatiemh@addtoany.com,Male,333-935-8993,Mongolia,9/22/2021
811,Pearce,Shelly,pshellymi@sun.com,Genderqueer,493-171-5988,Russia,9/9/2021
812,Barbe,Goering,bgoeringmj@boston.com,Female,536-830-9030,Poland,5/1/2022
813,Nerti,Cleever,ncleevermk@columbia.edu,Female,911-891-1191,France,11/12/2021
814,Clarence,Messham,cmesshamml@live.com,Male,334-679-9958,Poland,11/1/2021
815,Neal,Wilks,nwilksmm@disqus.com,Male,121-731-1848,Russia,8/29/2021
816,Sapphire,Rodinger,srodingermn@paginegialle.it,Female,856-145-4486,China,12/6/2021
817,Eadith,Welbourn,ewelbournmo@trellian.com,Female,545-308-1354,Philippines,8/26/2021
818,Kinsley,Dugue,kduguemp@yahoo.co.jp,Male,829-768-0883,Peru,6/10/2022
819,Ardine,Eam,aeammq@chicagotribune.com,Polygender,710-279-5191,Russia,3/3/2022
820,Duffie,Dows,ddowsmr@google.it,Male,540-724-6893,China,6/21/2022
821,Sully,Paynes,spaynesms@google.de,Male,639-492-3909,China,8/27/2021
822,Haleigh,Dondon,hdondonmt@amazonaws.com,Male,551-851-5093,Indonesia,2/18/2022
823,Bud,Skahill,bskahillmu@adobe.com,Male,795-964-8697,Russia,12/9/2021
824,Cloe,Shwalbe,cshwalbemv@ehow.com,Polygender,209-706-5313,China,4/12/2022
825,Gan,Turbill,gturbillmw@usatoday.com,Male,257-732-7514,China,7/26/2021
826,Cazzie,Beardsdale,cbeardsdalemx@ed.gov,Male,315-407-6968,Sri Lanka,4/29/2022
827,Carlyle,Olivelli,colivellimy@furl.net,Male,567-100-3003,Uruguay,8/10/2021
828,Joel,Howey,jhoweymz@addtoany.com,Male,568-497-5619,Canada,10/11/2021
829,Tamas,Sheara,tshearan0@moonfruit.com,Male,827-175-3956,Ethiopia,4/8/2022
830,Richmond,Neil,rneiln1@cornell.edu,Male,275-771-2209,Indonesia,4/16/2022
831,Fanchon,Russan,frussann2@360.cn,Female,648-401-4494,China,7/13/2021
832,Rolland,Bills,rbillsn3@pagesperso-orange.fr,Male,327-645-2014,Brazil,6/1/2022
833,Zena,Whiskerd,zwhiskerdn4@bandcamp.com,Female,172-999-5596,China,2/5/2022
834,Wandie,Grahame,wgrahamen5@amazon.co.jp,Female,545-313-2229,Russia,10/22/2021
835,Anson,Borer,aborern6@hostgator.com,Male,892-826-5617,Czech Republic,10/12/2021
836,Merwyn,Matelaitis,mmatelaitisn7@mysql.com,Male,143-292-1402,Bulgaria,1/12/2022
837,Ruben,Serjeant,rserjeantn8@edublogs.org,Male,901-921-6902,Palestinian Territory,5/4/2022
838,Wynny,Argile,wargilen9@nbcnews.com,Female,881-737-2157,Sweden,8/17/2021
839,Winfield,Dudhill,wdudhillna@cnet.com,Male,306-241-2189,Lithuania,12/29/2021
840,Inger,Eggleton,ieggletonnb@pbs.org,Agender,493-256-3189,Brazil,2/11/2022
841,Renee,Bortolomei,rbortolomeinc@ning.com,Non-binary,238-211-1678,Russia,5/2/2022
842,Riva,Gwatkins,rgwatkinsnd@bandcamp.com,Genderfluid,212-204-3292,Indonesia,5/22/2022
843,Garland,Mushett,gmushettne@forbes.com,Female,104-219-9136,Brazil,10/25/2021
844,Clary,Caze,ccazenf@scientificamerican.com,Female,645-477-3679,China,12/16/2021
845,Stanfield,Humpage,shumpageng@shareasale.com,Male,980-146-8136,Russia,8/4/2021
846,Audra,Vala,avalanh@nih.gov,Female,109-494-1510,Malaysia,5/1/2022
847,Ernestine,Methven,emethvenni@deliciousdays.com,Female,810-277-9127,China,6/29/2022
848,Serene,Churchouse,schurchousenj@jiathis.com,Female,156-325-0293,Indonesia,4/11/2022
849,Jennine,Thurby,jthurbynk@europa.eu,Female,963-104-2110,Albania,10/15/2021
850,Pattie,Newlyn,pnewlynnl@usnews.com,Male,532-208-2758,China,5/30/2022
851,Atalanta,Lambregts,alambregtsnm@earthlink.net,Female,545-476-4577,Togo,8/3/2021
852,Gaelan,Jones,gjonesnn@last.fm,Male,894-377-2745,Mongolia,1/5/2022
853,Laurianne,Moreinu,lmoreinuno@netlog.com,Female,388-513-6342,Brazil,1/29/2022
854,Antonie,Willmott,awillmottnp@stumbleupon.com,Female,176-121-5720,Indonesia,4/18/2022
855,Nessy,Spraging,nspragingnq@slashdot.org,Female,590-336-5005,China,9/5/2021
856,Antoine,Fransinelli,afransinellinr@businessweek.com,Male,153-143-1258,Mexico,9/15/2021
857,Hewe,Steers,hsteersns@narod.ru,Genderqueer,818-443-5579,Brazil,3/1/2022
858,Percy,Jakubiak,pjakubiaknt@weebly.com,Male,168-138-0782,Syria,9/23/2021
859,Teddy,Caton,tcatonnu@buzzfeed.com,Male,526-552-4478,Brazil,8/15/2021
860,Ev,Petit,epetitnv@google.de,Male,114-223-7668,Ireland,4/19/2022
861,Hewet,Argile,hargilenw@blinklist.com,Male,785-790-9134,China,11/10/2021
862,Konstanze,Zanni,kzanninx@myspace.com,Female,921-311-1060,Indonesia,6/2/2022
863,Kennett,Feldhammer,kfeldhammerny@last.fm,Male,392-399-8481,Sudan,11/26/2021
864,Elmo,Baly,ebalynz@amazon.co.uk,Male,383-763-1776,China,5/8/2022
865,Renie,Soar,rsoaro0@oracle.com,Polygender,344-338-1929,Chile,3/25/2022
866,Sig,Matthiae,smatthiaeo1@posterous.com,Male,856-895-8088,Thailand,9/3/2021
867,Willem,Hawking,whawkingo2@cmu.edu,Male,126-870-1082,Egypt,4/12/2022
868,Odessa,Spreadbury,ospreadburyo3@godaddy.com,Female,888-944-0124,Egypt,8/21/2021
869,Elfreda,Stang-Gjertsen,estanggjertseno4@trellian.com,Female,757-525-1881,Germany,10/20/2021
870,Retha,Armitt,rarmitto5@google.ca,Female,962-814-7336,China,2/12/2022
871,Mersey,Cuphus,mcuphuso6@goodreads.com,Female,438-275-1793,China,10/8/2021
872,Ellerey,Plester,eplestero7@icq.com,Male,727-618-6069,United States,12/27/2021
873,Camala,McTurk,cmcturko8@flickr.com,Bigender,845-880-7767,Thailand,9/22/2021
874,Portia,Skedgell,pskedgello9@technorati.com,Female,423-830-2156,China,3/30/2022
875,Milli,Lethebridge,mlethebridgeoa@ameblo.jp,Female,420-248-0586,Croatia,5/1/2022
876,Tades,Idney,tidneyob@sourceforge.net,Male,346-204-2876,Philippines,12/15/2021
877,Tabby,Renfrew,trenfrewoc@ifeng.com,Male,898-802-4806,France,7/19/2021
878,Penrod,Janaway,pjanawayod@seesaa.net,Male,504-970-6815,China,4/15/2022
879,Natalie,Henke,nhenkeoe@twitter.com,Bigender,648-939-8826,Philippines,3/29/2022
880,Rebekkah,Thring,rthringof@psu.edu,Non-binary,332-812-7052,Philippines,3/22/2022
881,Marylou,Lazare,mlazareog@yale.edu,Female,166-354-3636,China,2/13/2022
882,Happy,Stoddart,hstoddartoh@china.com.cn,Female,637-673-2937,Chad,5/6/2022
883,Kareem,Loxston,kloxstonoi@fc2.com,Male,130-530-6265,China,3/12/2022
884,Uta,Dash,udashoj@chronoengine.com,Female,660-714-8872,Colombia,10/12/2021
885,Leesa,Kenrack,lkenrackok@bizjournals.com,Female,284-405-8881,Vietnam,12/23/2021
886,Adrian,Noraway,anorawayol@ocn.ne.jp,Male,876-429-3794,Greece,6/28/2022
887,Rayner,Huitson,rhuitsonom@hp.com,Male,734-919-0981,Czech Republic,12/18/2021
888,Noni,Pickford,npickfordon@twitter.com,Female,130-486-5998,China,10/9/2021
889,Thorstein,Trime,ttrimeoo@slashdot.org,Male,485-923-3234,France,9/8/2021
890,Burtie,Shivlin,bshivlinop@abc.net.au,Male,579-256-8804,China,1/8/2022
891,Andie,Abrami,aabramioq@nhs.uk,Male,213-825-1811,Japan,8/5/2021
892,Calvin,Jakubovits,cjakubovitsor@cmu.edu,Male,500-943-7373,Portugal,6/25/2022
893,Madalyn,Brogan,mbroganos@smugmug.com,Non-binary,142-917-1711,Poland,8/18/2021
894,Kelci,Westrope,kwestropeot@jiathis.com,Female,765-378-7514,China,12/24/2021
895,Hakim,Emilien,hemilienou@list-manage.com,Male,695-158-3006,Philippines,5/30/2022
896,Jodie,Skains,jskainsov@slate.com,Female,435-326-4558,Sweden,7/12/2021
897,Frederich,Sarjent,fsarjentow@businessinsider.com,Male,440-400-0587,Venezuela,7/14/2021
898,Faber,Carslake,fcarslakeox@amazon.com,Male,563-964-0018,Afghanistan,4/30/2022
899,Bobbye,Wallsworth,bwallsworthoy@miitbeian.gov.cn,Female,961-899-8133,Russia,9/23/2021
900,Randie,Kelwick,rkelwickoz@reddit.com,Male,435-126-7760,Philippines,8/2/2021
901,Jared,Mixer,jmixerp0@squarespace.com,Male,513-234-7391,United States,9/24/2021
902,Terrance,Melbourn,tmelbournp1@ovh.net,Male,636-495-9954,Indonesia,5/22/2022
903,Cherie,Waterfall,cwaterfallp2@chicagotribune.com,Female,482-639-2962,China,11/6/2021
904,Garrett,Sikora,gsikorap3@ycombinator.com,Male,617-980-4221,Bahamas,1/5/2022
905,Gena,Fowle,gfowlep4@homestead.com,Female,802-196-9880,Brazil,7/22/2021
906,Elijah,Piotrkowski,epiotrkowskip5@clickbank.net,Male,758-641-4378,Japan,7/8/2021
907,Patrice,Caunter,pcaunterp6@istockphoto.com,Male,478-444-8064,Japan,8/29/2021
908,Bailey,Postlethwaite,bpostlethwaitep7@devhub.com,Male,944-560-9316,France,9/4/2021
909,Fania,Tudgay,ftudgayp8@pen.io,Female,777-594-6060,Honduras,1/27/2022
910,Brion,Cockman,bcockmanp9@livejournal.com,Male,908-170-6231,Czech Republic,8/2/2021
911,Kylie,Preshous,kpreshouspa@foxnews.com,Male,422-100-0901,China,5/22/2022
912,Maynord,Autie,mautiepb@bizjournals.com,Male,233-721-9830,China,11/6/2021
913,Aila,Dashkovich,adashkovichpc@t.co,Female,346-561-3375,China,2/24/2022
914,Pasquale,Lovelady,ploveladypd@mac.com,Male,799-805-5247,Russia,8/7/2021
915,Eldin,Walesa,ewalesape@linkedin.com,Male,477-435-8691,France,4/13/2022
916,Barnard,Roughan,broughanpf@gmpg.org,Male,121-861-1500,China,6/10/2022
917,Jennilee,Ephson,jephsonpg@dmoz.org,Female,601-454-5319,Poland,9/29/2021
918,Gordie,Pashley,gpashleyph@pinterest.com,Male,236-779-7641,Venezuela,4/9/2022
919,Rozanne,Prose,rprosepi@ibm.com,Female,557-365-5544,Costa Rica,8/11/2021
920,Brietta,Dadds,bdaddspj@ucsd.edu,Female,203-320-4411,Vietnam,5/11/2022
921,Zsa zsa,Hand,zhandpk@wiley.com,Female,782-103-4403,Czech Republic,2/10/2022
922,Muffin,Olczyk,molczykpl@shutterfly.com,Male,191-211-3817,Colombia,7/6/2021
923,Serge,Arthey,sartheypm@yelp.com,Male,428-246-9721,Poland,4/3/2022
924,Addison,Pound,apoundpn@liveinternet.ru,Male,909-128-7497,Indonesia,7/16/2021
925,Dell,Wellwood,dwellwoodpo@parallels.com,Female,335-975-7321,China,7/24/2021
926,Amber,Laurenty,alaurentypp@mtv.com,Female,289-491-6937,Brazil,7/18/2021
927,Zabrina,Arnoult,zarnoultpq@va.gov,Female,329-331-3270,China,4/30/2022
928,Del,Robberecht,drobberechtpr@ftc.gov,Female,248-516-1162,Finland,6/12/2022
929,Erna,Sacase,esacaseps@tiny.cc,Female,139-390-6853,Greece,10/4/2021
930,Jacinthe,Pedersen,jpedersenpt@wordpress.com,Female,405-107-5212,China,1/1/2022
931,Vasilis,Munn,vmunnpu@cpanel.net,Male,574-395-0322,Kazakhstan,6/14/2022
932,Linzy,Conti,lcontipv@cornell.edu,Female,601-704-5483,China,2/22/2022
933,Fania,Garrity,fgarritypw@qq.com,Female,916-104-8853,Indonesia,2/14/2022
934,Harp,Williamson,hwilliamsonpx@nih.gov,Male,353-395-9701,Belarus,10/19/2021
935,Travus,Kinner,tkinnerpy@artisteer.com,Male,927-730-0426,Croatia,4/24/2022
936,Cecelia,Trownson,ctrownsonpz@e-recht24.de,Bigender,293-936-2241,Sweden,7/16/2021
937,Gusty,Condie,gcondieq0@feedburner.com,Female,352-114-3530,Indonesia,12/2/2021
938,Thorin,Mosby,tmosbyq1@google.co.jp,Male,864-367-7704,Sweden,6/10/2022
939,Smith,Lauthian,slauthianq2@engadget.com,Male,690-385-5530,China,1/19/2022
940,Mitchael,Havesides,mhavesidesq3@macromedia.com,Male,995-830-0088,Serbia,5/13/2022
941,Goran,Shoemark,gshoemarkq4@altervista.org,Male,987-839-3617,Indonesia,10/6/2021
942,Karon,Lympany,klympanyq5@histats.com,Female,720-436-6183,Russia,3/14/2022
943,Starlene,Gerrans,sgerransq6@google.co.uk,Female,854-746-3527,China,6/17/2022
944,Nancie,Twyning,ntwyningq7@cam.ac.uk,Female,270-261-8730,Indonesia,12/11/2021
945,Adara,McGettrick,amcgettrickq8@gnu.org,Female,259-417-5363,Belarus,5/31/2022
946,Laurette,Mayte,lmayteq9@census.gov,Female,677-836-5051,Brazil,1/7/2022
947,Clarissa,Bullimore,cbullimoreqa@exblog.jp,Female,591-479-8213,Indonesia,11/3/2021
948,Shanie,Lemmen,slemmenqb@eepurl.com,Female,159-960-3992,Japan,11/11/2021
949,Marcelia,Leggon,mleggonqc@cdbaby.com,Female,145-145-6732,Pakistan,9/27/2021
950,Brittney,Tawton,btawtonqd@redcross.org,Female,990-799-6197,China,6/10/2022
951,Hershel,Wookey,hwookeyqe@reverbnation.com,Male,981-250-5939,Indonesia,1/20/2022
952,Dacy,Coneron,dconeronqf@ca.gov,Female,520-489-0983,Spain,10/9/2021
953,Reba,Allston,rallstonqg@godaddy.com,Female,321-791-6295,Norway,4/14/2022
954,Bette,Nansom,bnansomqh@delicious.com,Female,158-140-4740,Canada,2/20/2022
955,Jacob,Biagioni,jbiagioniqi@google.com.au,Male,991-176-9023,Russia,12/28/2021
956,Verile,Partleton,vpartletonqj@forbes.com,Female,927-834-6177,Panama,4/27/2022
957,Vidovik,Challicombe,vchallicombeqk@nymag.com,Genderfluid,440-916-0007,South Africa,3/18/2022
958,Creigh,McIlveen,cmcilveenql@shinystat.com,Male,589-557-5058,China,1/15/2022
959,Rurik,Renfree,rrenfreeqm@wikipedia.org,Genderfluid,309-702-1483,Mexico,9/13/2021
960,Petronia,Kears,pkearsqn@nsw.gov.au,Female,656-636-5924,Brazil,3/22/2022
961,Randi,Chritchlow,rchritchlowqo@zdnet.com,Female,234-647-5053,Sweden,12/8/2021
962,Willamina,Le Port,wleportqp@hp.com,Female,425-537-2939,Philippines,8/12/2021
963,Diana,Lodwick,dlodwickqq@google.ca,Female,373-224-6571,Indonesia,10/30/2021
964,Nikolaus,Stellman,nstellmanqr@goodreads.com,Male,797-529-2497,China,5/21/2022
965,Basil,Hampshaw,bhampshawqs@adobe.com,Male,468-692-1182,China,8/9/2021
966,Stephen,Jeffery,sjefferyqt@hatena.ne.jp,Male,707-103-6755,China,1/18/2022
967,Ivan,McGettigan,imcgettiganqu@friendfeed.com,Male,309-594-5163,China,1/28/2022
968,Breanne,Cathenod,bcathenodqv@spotify.com,Female,225-956-2083,Portugal,3/10/2022
969,Roselia,Corbin,rcorbinqw@nydailynews.com,Female,505-469-1000,China,11/4/2021
970,Rube,Kierans,rkieransqx@sfgate.com,Genderfluid,797-397-4171,Indonesia,7/13/2021
971,Butch,Riditch,briditchqy@apache.org,Male,423-462-9356,Portugal,5/26/2022
972,Antin,Longcake,alongcakeqz@adobe.com,Genderqueer,561-284-7827,Croatia,11/24/2021
973,Charley,Burgen,cburgenr0@163.com,Non-binary,400-109-8856,Indonesia,2/5/2022
974,Justino,Jackalin,jjackalinr1@amazon.de,Male,721-952-8009,Jordan,10/6/2021
975,Aubree,Deex,adeexr2@wikipedia.org,Female,468-842-1890,Thailand,8/27/2021
976,Vladimir,Foulcher,vfoulcherr3@squidoo.com,Male,714-424-4819,Thailand,5/31/2022
977,Gar,Blagdon,gblagdonr4@123-reg.co.uk,Male,709-833-2422,Argentina,9/4/2021
978,Jobyna,MacClure,jmacclurer5@booking.com,Female,381-154-4302,Indonesia,4/21/2022
979,Susana,Gallager,sgallagerr6@about.me,Female,298-755-9898,Thailand,7/1/2022
980,Martina,Weadick,mweadickr7@skyrock.com,Female,930-776-1741,Czech Republic,11/4/2021
981,Amy,Yardley,ayardleyr8@bbb.org,Female,624-764-7763,Brazil,10/10/2021
982,Aileen,Maybey,amaybeyr9@comsenz.com,Female,889-594-9319,Chile,4/25/2022
983,Hollie,Stanbro,hstanbrora@twitter.com,Female,282-636-6409,Libya,4/10/2022
984,Louie,Ickeringill,lickeringillrb@timesonline.co.uk,Male,278-530-8784,China,11/28/2021
985,Susi,MacGall,smacgallrc@1688.com,Female,368-290-2299,Colombia,9/25/2021
986,Scarlet,Soper,ssoperrd@elpais.com,Female,857-315-7007,France,6/27/2022
987,Sutherland,Gayler,sgaylerre@umn.edu,Male,865-113-4884,Poland,7/19/2021
988,Van,Rosle,vroslerf@adobe.com,Female,239-838-8693,Poland,11/15/2021
989,Kaine,Laterza,klaterzarg@ox.ac.uk,Male,702-387-4079,China,12/26/2021
990,Roderigo,Pampling,rpamplingrh@wired.com,Male,892-597-4550,Colombia,7/31/2021
991,Annaliese,Amaya,aamayari@vimeo.com,Female,329-884-7000,Portugal,12/30/2021
992,Montague,Petrello,mpetrellorj@whitehouse.gov,Male,216-347-7890,China,4/23/2022
993,Bastien,Barhem,bbarhemrk@eventbrite.com,Male,527-511-1992,New Zealand,1/4/2022
994,Trenna,Elwel,telwelrl@naver.com,Female,297-189-1937,Indonesia,3/26/2022
995,Carmen,Vasin,cvasinrm@nps.gov,Female,406-927-8352,United States,4/5/2022
996,Fair,Marre,fmarrern@businessinsider.com,Male,923-324-8108,Vietnam,12/14/2021
997,Cristy,Jealous,cjealousro@livejournal.com,Female,774-723-7607,China,12/28/2021
998,Rhoda,Dahl,rdahlrp@vimeo.com,Agender,983-586-3475,Thailand,1/12/2022
999,Cele,Hale,chalerq@buzzfeed.com,Female,654-180-9274,Philippines,10/26/2021
1000,Berti,Gunther,bguntherrr@sina.com.cn,Female,701-133-8550,South Africa,2/21/2022
